"";"PlayerName";"P";"Age";"Salary";"GP";"G";"GA";"PlusMin";"Points";"Direct";"Directh";"Collective";"Collectiveh";"GPDirect";"GPCollective";"GPDirecth";"GPCollectiveh";"GPPlusMin";"PointsGP"
"1";"Aaron Downey";"RW";33;0,52;4;0;3;0;3;1;12,74;2,24;24,85;0,25;0,56;3,19;6,21;0;0,75
"2";"Aaron Johnson";"D";24;0,48;38;0;2;2;2;8,38;35,58;50,45;201,6;0,22;1,33;0,94;5,31;0,05;0,05
"3";"Aaron MacKenzie";NA;NA;NA;5;NA;NA;NA;NA;0,54;2,25;4,22;16,88;0,11;0,84;0,45;3,38;NA;NA
"4";"Aaron Rome";"D";24;0,5;8;1;1;-4;2;2,51;9,35;12,35;47,08;0,31;1,54;1,17;5,89;-0,5;0,25
"5";"Aaron Voros";"LW";26;0,39;54;7;7;-7;14;15,17;80,74;69,27;356,64;0,28;1,28;1,5;6,6;-0,13;0,26
"6";"Aaron Ward";"D";34;2,75;64;5;8;9;13;23,85;76,77;120,26;382,18;0,37;1,88;1,2;5,97;0,14;0,2
"7";"Adam Burish";"RW";24;0,57;66;4;4;-13;8;12,32;86,4;47,16;319,83;0,19;0,71;1,31;4,85;-0,2;0,12
"8";"Adam Foote";"D";36;4,6;42;1;15;2;16;14,95;48,04;75,09;227,47;0,36;1,79;1,14;5,42;0,05;0,38
"9";"Adam Hall";"RW";27;0,52;74;2;4;-2;6;13,58;84,61;67,76;396,89;0,18;0,92;1,14;5,36;-0,03;0,08
"10";"Adam Mair";"C";28;0,75;75;5;12;-2;17;21,85;114,82;85;479,65;0,29;1,13;1,53;6,4;-0,03;0,23
"11";"Adam Pardy";NA;NA;NA;59;NA;NA;NA;NA;18,48;69,94;101,47;390,61;0,31;1,72;1,19;6,62;NA;NA
"12";"Adrian Aucoin";"D";34;4;80;10;25;13;35;28,06;79,65;179,53;511,31;0,35;2,24;1;6,39;0,16;0,44
"13";"Al Montoya";NA;NA;NA;5;NA;NA;NA;NA;0,23;0,23;22,42;25,28;0,05;4,48;0,05;5,06;NA;NA
"14";"Ales Hemsky";"RW";24;3,6;72;20;51;-9;71;35,63;117,04;151,25;496,69;0,49;2,1;1,63;6,9;-0,12;0,99
"15";"Ales Kotalik";"RW";29;2,5;75;23;20;-5;43;29,72;116,44;128,13;499,38;0,4;1,71;1,55;6,66;-0,07;0,57
"16";"Alex Auld";"G";26;0,6;43;0;0;0;0;1,8;1,78;230,05;243,56;0,04;5,35;0,04;5,66;0;0
"17";"Alex Frolov";NA;NA;NA;77;NA;NA;NA;NA;36,6;107,37;160,03;479,9;0,48;2,08;1,39;6,23;NA;NA
"18";"Alex Goligoski";"D";22;0,07;45;0;2;2;2;14,89;48,27;93,17;316,31;0,33;2,07;1,07;7,03;0,04;0,04
"19";"Alex Henry";NA;NA;NA;2;NA;NA;NA;NA;0,44;3,81;2,32;20,08;0,22;1,16;1,91;10,04;NA;NA
"20";"Alex Kovalev";"RW";34;4,5;78;35;49;18;84;34,42;107;164,26;504,52;0,44;2,11;1,37;6,47;0,23;1,08
"21";"Alex Ovechkin";"LW";22;3,83;79;65;47;28;112;75,93;194,34;239,89;612,23;0,96;3,04;2,46;7,75;0,35;1,42
"22";"Alex Pietrangelo";NA;NA;NA;8;NA;NA;NA;NA;1,6;5,51;16,65;64,29;0,2;2,08;0,69;8,04;NA;NA
"23";"Alex Tanguay";"LW";28;5,38;50;18;40;11;58;20,33;75,46;105,85;380,24;0,41;2,12;1,51;7,6;0,22;1,16
"24";"Alexander Edler";NA;NA;NA;79;NA;NA;NA;NA;32,99;93,23;170,66;476,82;0,42;2,16;1,18;6,04;NA;NA
"25";"Alexander Nikulin";"C";22;0,02;1;0;0;-2;0;0,07;0,77;0,34;3,73;0,07;0,34;0,77;3,73;-2;0
"26";"Alexander Semin";"LW";23;1,2;62;26;16;-18;42;39,3;121,23;146,06;445,48;0,63;2,36;1,96;7,19;-0,29;0,68
"27";"Alexander Steen";NA;NA;NA;79;NA;NA;NA;NA;22,94;83,73;116,94;423,89;0,29;1,48;1,06;5,37;NA;NA
"28";"Alexander Sulzer";NA;NA;NA;2;NA;NA;NA;NA;0,2;1,24;1,74;13,23;0,1;0,87;0,62;6,61;NA;NA
"29";"Alexandre Bolduc";NA;NA;NA;7;NA;NA;NA;NA;2,35;20,42;7,43;66,96;0,34;1,06;2,92;9,57;NA;NA
"30";"Alexandre Burrows";NA;NA;NA;81;NA;NA;NA;NA;39,21;143,76;135,62;500,45;0,48;1,67;1,77;6,18;NA;NA
"31";"Alexandre Giroux";NA;NA;NA;12;NA;NA;NA;NA;2,38;13,69;14,63;80,72;0,2;1,22;1,14;6,73;NA;NA
"32";"Alexandre Picard";"D";22;0,2;47;3;3;-12;6;16,74;54,37;87,34;273,99;0,36;1,86;1,16;5,83;-0,26;0,13
"33";"Alexandre Picard";"D";22;0,2;15;3;3;-12;6;3,42;30,7;10,18;85,55;0,23;0,68;2,05;5,7;-0,8;0,4
"34";"Alexei Ponikarovsky";"LW";27;1,57;81;18;17;3;35;35,88;143,04;136,01;530,11;0,44;1,68;1,77;6,54;0,04;0,43
"35";"Alexei Semenov";"D";26;0,65;47;1;3;-8;4;9,35;45,58;60,82;272,51;0,2;1,29;0,97;5,8;-0,17;0,09
"36";"Andre Deveaux";NA;NA;NA;21;NA;NA;NA;NA;7,27;59,11;19,36;156,23;0,35;0,92;2,81;7,44;NA;NA
"37";"Andre Roy";"RW";32;0,86;43;4;3;-1;7;9,92;99,9;28,42;284,94;0,23;0,66;2,32;6,63;-0,02;0,16
"38";"Andreas Lilja";"D";32;1;59;2;10;-2;12;18,96;66,59;88,28;310,4;0,32;1,5;1,13;5,26;-0,03;0,2
"39";"Andreas Nodl";NA;NA;NA;38;NA;NA;NA;NA;5,15;27,85;41,56;214,91;0,14;1,09;0,73;5,66;NA;NA
"40";"Andrei Kostitsyn";"RW";22;0,61;74;26;27;15;53;29,71;114,23;123,74;482,02;0,4;1,67;1,54;6,51;0,2;0,72
"41";"Andrei Markov";"D";29;5,75;78;16;42;1;58;38,03;96,17;209,18;527,62;0,49;2,68;1,23;6,76;0,01;0,74
"42";"Andrej Meszaros";"D";22;0,98;52;9;27;5;36;25,63;64,13;130,46;327,54;0,49;2,51;1,23;6,3;0,1;0,69
"43";"Andrej Sekera";"D";21;0,3;69;2;6;5;8;23,02;66,81;142,4;409,59;0,33;2,06;0,97;5,94;0,07;0,12
"44";"Andrew Alberts";"D";26;1,1;79;0;2;4;2;23,07;88,49;128,45;480,14;0,29;1,63;1,12;6,08;0,05;0,03
"45";"Andrew Brunette";"LW";34;1,6;80;19;40;5;59;15,38;55,46;128,66;461,18;0,19;1,61;0,69;5,76;0,06;0,74
"46";"Andrew Cogliano";"C";20;1,13;82;18;27;1;45;19,24;80,77;120,11;491,57;0,23;1,46;0,99;5,99;0,01;0,55
"47";"Andrew Ebbett";"C";24;0,03;48;0;0;3;0;13,79;57,83;66,24;279,95;0,29;1,38;1,2;5,83;0,06;0
"48";"Andrew Ference";"D";28;1,24;47;1;14;-14;15;19,87;55,38;100,52;284,88;0,42;2,14;1,18;6,06;-0,3;0,32
"49";"Andrew Gordon";NA;NA;NA;1;NA;NA;NA;NA;0;0;-0,1;-0,82;0;-0,1;0;-0,82;NA;NA
"50";"Andrew Hutchinson";NA;NA;NA;40;NA;NA;NA;NA;7,06;29,04;55,18;224,54;0,18;1,38;0,73;5,61;NA;NA
"51";"Andrew Ladd";"LW";22;1,78;82;14;16;13;30;34,56;145,44;123,06;519,81;0,42;1,5;1,77;6,34;0,16;0,37
"52";"Andrew MacDonald";NA;NA;NA;3;NA;NA;NA;NA;0;-0,01;1,99;13,79;0;0,66;0;4,6;NA;NA
"53";"Andrew Murray";"C";26;0,26;67;6;4;-1;10;18,73;100,43;80,67;435,26;0,28;1,2;1,5;6,5;-0,01;0,15
"54";"Andrew Peters";"LW";27;0,5;28;1;1;-4;2;6;114,3;14,55;245,16;0,21;0,52;4,08;8,76;-0,14;0,07
"55";"Andrew Raycroft";"G";27;2;31;0;0;0;0;1,02;1,08;160,98;174,83;0,03;5,19;0,03;5,64;0;0
"56";"Andy Greene";"D";25;0,6;49;2;8;0;10;13,6;50,6;79,19;280,7;0,28;1,62;1,03;5,73;0;0,2
"57";"Andy Hilbert";"C";26;0,65;67;8;8;2;16;24,29;93,35;102,84;391,53;0,36;1,53;1,39;5,84;0,03;0,24
"58";"Andy McDonald";"C";30;3,33;46;18;34;-21;52;14,51;46,71;89,46;282,65;0,32;1,94;1,02;6,14;-0,46;1,13
"59";"Andy Sutton";"D";32;2,5;23;1;7;-6;8;11,92;34,35;56,01;156,57;0,52;2,44;1,49;6,81;-0,26;0,35
"60";"Andy Wozniewski";"D";27;0,34;1;2;7;5;9;0,49;4,41;0,76;6,9;0,49;0,76;4,41;6,9;5;9
"61";"Anssi Salmela";NA;NA;NA;26;NA;NA;NA;NA;7,93;28,77;39,4;149,15;0,31;1,52;1,11;5,74;NA;NA
"62";"Antero Niittymaki";"G";27;1,07;32;0;0;0;0;1,65;1,86;193,12;206,23;0,05;6,03;0,06;6,44;0;0
"63";"Anthony Stewart";"RW";22;0,18;59;0;1;-1;1;11,63;92,72;39,09;308,52;0,2;0,66;1,57;5,23;-0,02;0,02
"64";"Antoine Vermette";"C";25;1,07;79;24;29;3;53;21,25;72,41;136,03;453,97;0,27;1,72;0,92;5,75;0,04;0,67
"65";"Anton Babchuk";NA;NA;NA;71;NA;NA;NA;NA;27,3;87,57;130,25;414,41;0,38;1,83;1,23;5,84;NA;NA
"66";"Anton Stralman";"D";21;0,5;37;3;6;-10;9;10,94;44,69;58,6;236,25;0,3;1,58;1,21;6,39;-0,27;0,24
"67";"Anton Volchenkov";"D";25;2,1;68;1;14;14;15;32,53;98,71;130,91;391,42;0,48;1,93;1,45;5,76;0,21;0,22
"68";"Antti Miettinen";"LW";27;0,88;82;15;19;4;34;34,57;120,57;120,24;417,33;0,42;1,47;1,47;5,09;0,05;0,41
"69";"Antti Niemi";NA;NA;NA;3;NA;NA;NA;NA;0;0;12,78;17,24;0;4,26;0;5,75;NA;NA
"70";"Antti Pihlstrom";"LW";23;0,01;53;0;0;-1;0;14,18;68,44;67,13;334,57;0,27;1,27;1,29;6,31;-0,02;0
"71";"Anze Kopitar";"C";20;0,96;82;32;45;-15;77;37,28;108,06;184,8;529,32;0,45;2,25;1,32;6,46;-0,18;0,94
"72";"Arron Asham";"RW";29;0,7;78;6;4;-6;10;18,24;143,65;83,85;605,67;0,23;1,08;1,84;7,76;-0,08;0,13
"73";"Artem Anisimov";NA;NA;NA;1;NA;NA;NA;NA;-0,01;-0,08;1,18;6,21;-0,01;1,18;-0,08;6,21;NA;NA
"74";"B.J. Crombeen";"RW";22;0,07;81;0;2;1;2;33,12;148,45;94,69;452;0,41;1,17;1,83;5,58;0,01;0,02
"75";"Barret Jackman";"D";26;2,2;82;2;14;-12;16;28,63;76,5;161,12;426,08;0,35;1,96;0,93;5,2;-0,15;0,2
"76";"Barry Tallackson";"RW";24;0,03;4;0;0;0;0;0,88;7,6;2,05;22,02;0,22;0,51;1,9;5,51;0;0
"77";"Ben Bishop";NA;NA;NA;6;NA;NA;NA;NA;0;0;23,79;34,08;0;3,96;0;5,68;NA;NA
"78";"Ben Eager";"LW";23;0,55;75;0;2;-9;2;22,04;156,54;65,21;440,12;0,29;0,87;2,09;5,87;-0,12;0,03
"79";"Ben Guite";"C";29;0,48;50;11;11;1;22;12,21;57,34;59,96;295,73;0,24;1,2;1,15;5,91;0,02;0,44
"80";"Ben Lovejoy";NA;NA;NA;2;NA;NA;NA;NA;0,21;1,18;2,45;13,34;0,1;1,23;0,59;6,67;NA;NA
"81";"Ben Maxwell";NA;NA;NA;7;NA;NA;NA;NA;0,87;3,96;6,84;38,65;0,12;0,98;0,57;5,52;NA;NA
"82";"Ben Ondrus";"RW";25;0,02;11;0;0;-1;0;2,98;22,3;8,65;60,1;0,27;0,79;2,03;5,46;-0,09;0
"83";"Ben Walter";"C";23;0,05;4;1;0;-1;1;0,75;4,28;3,37;20,01;0,19;0,84;1,07;5;-0,25;0,25
"84";"Benoit Pouliot";"LW";21;0,26;37;2;1;-1;3;7,05;33,26;50,87;247,21;0,19;1,37;0,9;6,68;-0,03;0,08
"85";"Bill Guerin";"RW";37;4,5;78;23;21;-15;44;35,78;126,13;152,79;541,57;0,46;1,96;1,62;6,94;-0,19;0,56
"86";"Bill Thomas";"C";24;0,08;16;0;0;-2;0;1,35;9,14;13,4;89,93;0,08;0,84;0,57;5,62;-0,12;0
"87";"Blair Betts";"C";27;0,62;81;2;5;-4;7;10,87;55,57;76,86;473,16;0,13;0,95;0,69;5,84;-0,05;0,09
"88";"Blake Comeau";"RW";21;0,38;53;8;7;1;15;16,65;59,83;85,48;319,45;0,31;1,61;1,13;6,03;0,02;0,28
"89";"Blake Wheeler";NA;NA;NA;80;NA;NA;NA;NA;28,57;121,07;117,21;487,89;0,36;1,47;1,51;6,1;NA;NA
"90";"Bobby Holik";"C";37;4,25;62;15;19;-14;34;19,79;106,93;74,02;408,84;0,32;1,19;1,72;6,59;-0,23;0,55
"91";"Bobby Ryan";"RW";20;0,61;64;5;5;-1;10;27;102,07;101,06;377,48;0,42;1,58;1,59;5,9;-0,02;0,16
"92";"Boris Valabik";"D";21;0,1;49;0;0;-2;0;17,92;70,45;71,65;269,67;0,37;1,46;1,44;5,5;-0,04;0
"93";"Boyd Devereaux";"C";29;0,55;23;7;11;-6;18;8,25;32,64;35,68;154,03;0,36;1,55;1,42;6,7;-0,26;0,78
"94";"Boyd Gordon";"C";24;0,65;63;7;9;5;16;4,55;24,92;68,24;318,01;0,07;1,08;0,4;5,05;0,08;0,25
"95";"Boyd Kane";NA;NA;NA;1;NA;NA;NA;NA;0,02;0,1;0,49;2,83;0,02;0,49;0,1;2,83;NA;NA
"96";"Brad Boyes";"C";25;1,6;82;43;22;1;65;36,85;117,08;164,17;521,67;0,45;2;1,43;6,36;0,01;0,79
"97";"Brad Lukowich";"D";31;1,25;58;1;6;-15;7;16,41;63,59;94,98;349,51;0,28;1,64;1,1;6,03;-0,26;0,12
"98";"Brad May";"LW";36;0,6;58;3;1;2;4;10,72;92,77;55,49;467,71;0,18;0,96;1,6;8,06;0,03;0,07
"99";"Brad Richards";"C";27;7,8;56;20;42;-27;62;22,05;68,88;125,39;379,31;0,39;2,24;1,23;6,77;-0,48;1,11
"100";"Brad Richardson";"C";22;0,3;31;2;3;-3;5;4,38;25,12;30,22;160,14;0,14;0,97;0,81;5,17;-0,1;0,16
"101";"Brad Staubitz";NA;NA;NA;35;NA;NA;NA;NA;10,85;102,81;26,68;246,72;0,31;0,76;2,94;7,05;NA;NA
"102";"Brad Stuart";"D";28;3,5;66;6;17;-10;23;26,64;76,09;136,22;397,95;0,4;2,06;1,15;6,03;-0,15;0,35
"103";"Brad Winchester";"LW";26;0,48;64;1;2;-9;3;22,11;105,54;80,42;373,85;0,35;1,26;1,65;5,84;-0,14;0,05
"104";"Brandon Bochenski";"RW";25;0,6;7;3;10;6;13;2,1;12,15;6,19;36,09;0,3;0,88;1,74;5,16;0,86;1,86
"105";"Brandon Dubinsky";"C";21;0,64;82;14;26;8;40;38,83;137,89;165,14;580,76;0,47;2,01;1,68;7,08;0,1;0,49
"106";"Brandon Prust";NA;NA;NA;36;NA;NA;NA;NA;9,85;111,21;37,29;307,73;0,27;1,04;3,09;8,55;NA;NA
"107";"Brandon Segal";NA;NA;NA;2;NA;NA;NA;NA;0,63;2,61;3,15;13,14;0,32;1,58;1,31;6,57;NA;NA
"108";"Brandon Sutter";NA;NA;NA;49;NA;NA;NA;NA;12,2;75,52;43,34;275,3;0,25;0,88;1,54;5,62;NA;NA
"109";"Braydon Coburn";"D";22;0,94;80;9;27;17;36;40,78;100,1;211,64;516,12;0,51;2,65;1,25;6,45;0,21;0,45
"110";"Brendan Bell";"D";24;0,06;53;0;0;-2;0;17,33;57,6;100,97;339,42;0,33;1,91;1,09;6,4;-0,04;0
"111";"Brendan Mikkelson";NA;NA;NA;34;NA;NA;NA;NA;3,79;16,58;39,64;197,55;0,11;1,17;0,49;5,81;NA;NA
"112";"Brendan Morrison";"C";32;3,2;79;9;16;-3;25;15,43;70,54;106,97;443,96;0,2;1,35;0,89;5,62;-0,04;0,32
"113";"Brendan Shanahan";"LW";38;2,5;34;23;23;-2;46;12,02;46,75;50,57;200,91;0,35;1,49;1,37;5,91;-0,06;1,35
"114";"Brendan Witt";"D";32;2,8;65;2;5;-8;7;26,17;76,66;122;351,25;0,4;1,88;1,18;5,4;-0,12;0,11
"115";"Brenden Morrow";"LW";28;4,1;18;32;42;23;74;13,11;35,11;40,32;109,66;0,73;2,24;1,95;6,09;1,28;4,11
"116";"Brent Burns";"D";22;0,88;59;15;28;12;43;34,51;93,38;129,34;349,97;0,58;2,19;1,58;5,93;0,2;0,73
"117";"Brent Johnson";"G";30;0,8;21;0;0;0;0;0,97;1,08;128,99;145,95;0,05;6,14;0,05;6,95;0;0
"118";"Brent Krahn";NA;NA;NA;1;NA;NA;NA;NA;0;0;1,06;3,17;0;1,06;0;3,17;NA;NA
"119";"Brent Seabrook";"D";22;0,94;82;9;23;13;32;36,72;96,2;181,88;481,41;0,45;2,22;1,17;5,87;0,16;0,39
"120";"Brent Sopel";"D";30;1,5;23;1;19;9;20;5,87;24,09;31,15;127,23;0,26;1,35;1,05;5,53;0,39;0,87
"121";"Bret Hedican";"D";37;2,43;51;2;15;17;17;9,31;34,64;88,92;329,5;0,18;1,74;0,68;6,46;0,33;0,33
"122";"Brett Carson";NA;NA;NA;5;NA;NA;NA;NA;0,26;0,44;5,54;26,2;0,05;1,11;0,09;5,24;NA;NA
"123";"Brett Clark";"D";31;1,5;76;5;16;5;21;26,87;74,37;154,23;427,74;0,35;2,03;0,98;5,63;0,07;0,28
"124";"Brett Festerling";NA;NA;NA;40;NA;NA;NA;NA;13,99;51,73;60,11;225,32;0,35;1,5;1,29;5,63;NA;NA
"125";"Brett Lebda";"D";25;0,55;64;3;11;-1;14;14,33;66,75;82,01;352,9;0,22;1,28;1,04;5,51;-0,02;0,22
"126";"Brett McLean";"C";29;1,7;80;14;23;-5;37;21,01;100,18;98,89;472,25;0,26;1,24;1,25;5,9;-0,06;0,46
"127";"Brett Skinner";NA;NA;NA;11;NA;NA;NA;NA;2,43;11,76;18,37;89,12;0,22;1,67;1,07;8,1;NA;NA
"128";"Brett Sterling";"LW";23;0,12;6;1;2;-2;3;1,8;9,24;6,52;30,66;0,3;1,09;1,54;5,11;-0,33;0,5
"129";"Brett Sutter";NA;NA;NA;4;NA;NA;NA;NA;0,91;9,86;2,87;25,97;0,23;0,72;2,46;6,49;NA;NA
"130";"Brian Boucher";"G";30;0,11;22;0;0;0;0;1,29;1,31;121,69;125,29;0,06;5,53;0,06;5,69;0;0
"131";"Brian Boyle";"C";23;0,07;28;4;1;4;5;9,88;55,25;32,67;189,65;0,35;1,17;1,97;6,77;0,14;0,18
"132";"Brian Campbell";"D";28;1,75;82;8;54;8;62;20,79;55,49;178,71;476,07;0,25;2,18;0,68;5,81;0,1;0,76
"133";"Brian Elliott";"G";22;0,06;31;0;0;0;0;1,14;1,19;167,84;183,39;0,04;5,41;0,04;5,92;0;0
"134";"Brian Gionta";"RW";28;4;81;22;31;1;53;36,46;128,39;132,69;470,97;0,45;1,64;1,59;5,81;0,01;0,65
"135";"Brian Lee";"D";20;0,09;53;0;1;1;1;15,73;55,63;98,23;313,2;0,3;1,85;1,05;5,91;0,02;0,02
"136";"Brian McGrattan";"RW";26;0,55;5;0;3;0;3;1,43;15,59;2,23;19,52;0,29;0,45;3,12;3,9;0;0,6
"137";"Brian Pothier";"D";30;2,5;9;5;9;5;14;1,46;5,31;14,14;52,02;0,16;1,57;0,59;5,78;0,56;1,56
"138";"Brian Rafalski";"D";34;6;77;13;42;27;55;22,99;60,53;174,78;458,09;0,3;2,27;0,79;5,95;0,35;0,71
"139";"Brian Rolston";"LW";34;2,43;64;31;28;-1;59;20,76;78,69;95,16;369,29;0,32;1,49;1,23;5,77;-0,02;0,92
"140";"Brian Salcido";NA;NA;NA;2;NA;NA;NA;NA;0,47;1,26;4,17;14,46;0,24;2,08;0,63;7,23;NA;NA
"141";"Brian Sutherby";"C";25;0,8;59;1;1;-4;2;14,42;95;68,03;398,8;0,24;1,15;1,61;6,76;-0,07;0,03
"142";"Brian Willsie";"RW";29;0,9;42;4;8;-8;12;9,45;46,04;47,85;252,65;0,23;1,14;1,1;6,02;-0,19;0,29
"143";"Brooks Laich";"C";24;0,72;82;21;16;-3;37;35,82;124,55;146,78;513,85;0,44;1,79;1,52;6,27;-0,04;0,45
"144";"Brooks Orpik";"D";27;1,07;79;1;10;11;11;37,75;108,81;173,13;501,72;0,48;2,19;1,38;6,35;0,14;0,14
"145";"Bruno Gervais";"D";23;0,48;69;0;13;-5;13;24,63;66,59;151,25;424,01;0,36;2,19;0,97;6,15;-0,07;0,19
"146";"Bryan Allen";"D";27;2,25;2;2;14;5;16;0,83;1,95;5,62;12,35;0,42;2,81;0,97;6,17;2,5;8
"147";"Bryan Helmer";NA;NA;NA;12;NA;NA;NA;NA;3,1;11,21;18,41;68,7;0,26;1,53;0,93;5,72;NA;NA
"148";"Bryan Little";"C";20;0,53;78;6;10;-2;16;25,71;93,68;129,74;479,75;0,33;1,66;1,2;6,15;-0,03;0,21
"149";"Bryan McCabe";"D";32;7,15;69;5;18;-2;23;24,45;64,87;160,55;430,62;0,35;2,33;0,94;6,24;-0,03;0,33
"150";"Bryan Rodney";NA;NA;NA;8;NA;NA;NA;NA;0,86;6,03;10,41;59,46;0,11;1,3;0,75;7,43;NA;NA
"151";"Bryce Salvador";"D";31;1,5;76;1;10;12;11;29,25;93,82;138,6;431,95;0,38;1,82;1,23;5,68;0,16;0,14
"152";"Byron Bitz";NA;NA;NA;35;NA;NA;NA;NA;9,3;52,53;39,76;227,02;0,27;1,14;1,5;6,49;NA;NA
"153";"Cal Clutterbuck";"RW";20;0,04;78;0;0;0;0;41,24;180,1;99,7;452,25;0,53;1,28;2,31;5,8;0;0
"154";"Cal O'Reilly";NA;NA;NA;11;NA;NA;NA;NA;1,94;9,37;13,2;62,99;0,18;1,2;0,85;5,73;NA;NA
"155";"Cam Barker";"D";21;1,6;68;6;12;-3;18;23,4;80,51;109,73;381,02;0,34;1,61;1,18;5,6;-0,04;0,26
"156";"Cam Janssen";"RW";23;0,55;56;0;1;-1;1;13,11;187,93;36,51;478,01;0,23;0,65;3,36;8,54;-0,02;0,02
"157";"Cam Paddock";NA;NA;NA;16;NA;NA;NA;NA;1,94;10,05;15,9;82,86;0,12;0,99;0,63;5,18;NA;NA
"158";"Cam Ward";"G";23;2;67;0;1;0;1;2,24;3,09;396,95;410,44;0,03;5,92;0,05;6,13;0;0,01
"159";"Carey Price";"G";20;1,88;52;0;2;0;2;5,18;5,08;324,3;331,96;0,1;6,24;0,1;6,38;0;0,04
"160";"Carlo Colaiacovo";"D";24;1,05;72;2;4;-4;6;18,76;63,23;133,22;441,5;0,26;1,85;0,88;6,13;-0,06;0,08
"161";"Casey Borer";"D";22;0,07;3;1;2;-3;3;0,2;1,15;4,38;22,94;0,07;1,46;0,38;7,65;-1;1
"162";"Clarke MacArthur";"LW";22;0,32;71;8;7;3;15;20,98;91,22;96,57;427,39;0,3;1,36;1,28;6,02;0,04;0,21
"163";"Claude Giroux";"C";19;0,03;42;0;0;-2;0;14,92;57,81;70,31;274,17;0,36;1,67;1,38;6,53;-0,05;0
"164";"Claude Lemieux";NA;NA;NA;18;NA;NA;NA;NA;4,13;32,15;14,95;111,35;0,23;0,83;1,79;6,19;NA;NA
"165";"Clay Wilson";"D";24;0,06;7;1;1;3;2;3,35;18,19;8,73;47,68;0,48;1,25;2,6;6,81;0,43;0,29
"166";"Cody Bass";"C";20;0,3;12;2;2;-1;4;2,29;24,4;6,82;64,33;0,19;0,57;2,03;5,36;-0,08;0,33
"167";"Cody McCormick";"RW";24;0,38;55;2;2;5;4;14,28;92,61;52,1;323,72;0,26;0,95;1,68;5,89;0,09;0,07
"168";"Cody McLeod";"LW";23;0,28;79;4;5;-6;9;30,77;149,03;94,65;469,95;0,39;1,2;1,89;5,95;-0,08;0,11
"169";"Colby Armstrong";"RW";25;1,2;81;13;22;4;35;23,12;88,72;116;447,04;0,29;1,43;1,1;5,52;0,05;0,43
"170";"Colin Fraser";"C";22;0,05;81;0;0;-2;0;9,17;51;68,64;389,96;0,11;0,85;0,63;4,81;-0,02;0
"171";"Colin Stuart";"LW";25;0,1;33;3;2;2;5;10,83;50,33;39,6;189,15;0,33;1,2;1,53;5,73;0,06;0,15
"172";"Colin White";"D";30;3;71;2;8;-5;10;25,99;88,1;121,66;397,13;0,37;1,71;1,24;5,59;-0,07;0,14
"173";"Colton Gillies";NA;NA;NA;45;NA;NA;NA;NA;5,67;35,51;35,99;249,29;0,13;0,8;0,79;5,54;NA;NA
"174";"Colton Orr";"RW";25;0,52;82;1;1;-13;2;16,64;167,08;51,77;520,51;0,2;0,63;2,04;6,35;-0,16;0,02
"175";"Connor James";"C";25;0,08;1;1;0;-2;1;0;0;1,45;10,72;0;1,45;0;10,72;-2;1
"176";"Corey Perry";"RW";22;0,62;78;29;25;12;54;38,81;121,49;183,57;563,98;0,5;2,35;1,56;7,23;0,15;0,69
"177";"Corey Potter";NA;NA;NA;5;NA;NA;NA;NA;1,32;4,27;7,37;26,94;0,26;1,47;0,85;5,39;NA;NA
"178";"Cory Murphy";"D";29;0,78;32;2;15;0;17;11,57;36,7;68,77;241,86;0,36;2,15;1,15;7,56;0;0,53
"179";"Cory Sarich";"D";29;3,9;75;2;5;2;7;27,03;89,19;128,05;436,56;0,36;1,71;1,19;5,82;0,03;0,09
"180";"Cory Schneider";NA;NA;NA;8;NA;NA;NA;NA;-0,03;-0,03;29,66;42,73;0;3,71;0;5,34;NA;NA
"181";"Cory Stillman";"LW";34;1,75;63;24;41;-15;65;26,76;99,7;109,88;411,56;0,42;1,74;1,58;6,53;-0,24;1,03
"182";"Craig Adams";"RW";30;0,6;45;4;7;-16;11;12,42;83,49;40,68;278,23;0,28;0,9;1,86;6,18;-0,36;0,24
"183";"Craig Anderson";"G";26;0,52;31;0;1;0;1;1,11;1,18;149,75;166,32;0,04;4,83;0,04;5,37;0;0,03
"184";"Craig Conroy";"C";36;2,85;81;12;22;6;34;6,81;29,5;115,13;478,26;0,08;1,42;0,36;5,9;0,07;0,42
"185";"Craig MacDonald";"C";30;0,47;8;2;9;-10;11;0,89;5,84;6,81;44,68;0,11;0,85;0,73;5,58;-1,25;1,38
"186";"Craig Rivet";"D";33;3,5;64;5;30;3;35;22,66;73,77;124,17;374,65;0,35;1,94;1,15;5,85;0,05;0,55
"187";"Craig Weller";"RW";26;0,48;36;3;8;-7;11;10,41;83,2;29;243,38;0,29;0,81;2,31;6,76;-0,19;0,31
"188";"Cristobal Huet";"G";32;2,75;41;0;2;0;2;0,15;0,15;222,91;236,14;0;5,44;0;5,76;0;0,05
"189";"Curtis Glencross";"LW";25;0,52;73;15;10;8;25;28,96;114,9;110,2;442,12;0,4;1,51;1,57;6,06;0,11;0,34
"190";"Curtis Joseph";"G";40;0,65;20;0;0;0;0;0,46;0,48;86,36;-Inf;0,02;4,32;0,02;-Inf;0;0
"191";"Curtis McElhinney";"G";24;0,26;13;0;0;0;0;-0,12;-0,12;46,86;65,58;-0,01;3,6;-0,01;5,04;0;0
"192";"Chad LaRose";"RW";25;0,5;80;11;12;6;23;24,81;91,41;123,02;472,26;0,31;1,54;1,14;5,9;0,08;0,29
"193";"Chris Bourque";"LW";21;0,02;8;0;0;0;0;2,75;17,54;8,45;53,66;0,34;1,06;2,19;6,71;0;0
"194";"Chris Butler";NA;NA;NA;47;NA;NA;NA;NA;10,59;38,25;75,99;279,01;0,23;1,62;0,81;5,94;NA;NA
"195";"Chris Campoli";"D";23;0,6;75;4;14;-1;18;21,84;66,01;146,66;439,75;0,29;1,96;0,88;5,86;-0,01;0,24
"196";"Chris Clark";"RW";31;1,1;32;5;4;0;9;7,36;38,63;42,35;225,04;0,23;1,32;1,21;7,03;0;0,28
"197";"Chris Conner";"RW";24;0,16;38;3;2;0;5;7,96;43,18;38,77;213,25;0,21;1,02;1,14;5,61;0;0,13
"198";"Chris Chelios";"D";45;1,15;28;3;9;11;12;6,38;36,78;31,15;155,06;0,23;1,11;1,31;5,54;0,39;0,43
"199";"Chris Drury";"C";31;7,1;81;25;33;-3;58;35,22;106,19;168,47;508,97;0,43;2,08;1,31;6,28;-0,04;0,72
"200";"Chris Durno";NA;NA;NA;2;NA;NA;NA;NA;1,69;15,84;2,7;26,44;0,85;1,35;7,92;13,22;NA;NA
"201";"Chris Gratton";"C";32;1,5;24;10;11;-7;21;4,49;24,4;19,48;120,32;0,19;0,81;1,02;5,01;-0,29;0,88
"202";"Chris Higgins";"C";24;1,5;57;27;25;0;52;19,73;70,23;93,22;330,72;0,35;1,64;1,23;5,8;0;0,91
"203";"Chris Holt";NA;NA;NA;1;NA;NA;NA;NA;0;0;1,71;6,03;0;1,71;0;6,03;NA;NA
"204";"Chris Kelly";"C";27;1,26;82;11;19;3;30;22,35;85,35;118;451,57;0,27;1,44;1,04;5,51;0,04;0,37
"205";"Chris Kunitz";"LW";28;1,15;82;21;29;8;50;40,87;141,51;156,26;543,29;0,5;1,91;1,73;6,63;0,1;0,61
"206";"Chris Mason";"G";31;1,25;56;0;1;0;1;1,35;1,39;299,04;312,04;0,02;5,34;0,02;5,57;0;0,02
"207";"Chris Minard";"C";26;0,13;20;1;1;-1;2;5,24;38,1;16,49;105,83;0,26;0,82;1,91;5,29;-0,05;0,1
"208";"Chris Neil";"RW";28;1,1;60;6;14;-3;20;21,81;125,41;73,62;396,09;0,36;1,23;2,09;6,6;-0,05;0,33
"209";"Chris Osgood";"G";35;0,8;46;0;3;0;3;3,05;3;265,14;274,51;0,07;5,76;0,07;5,97;0;0,07
"210";"Chris Phillips";"D";29;3,5;82;5;13;15;18;31,3;91,34;176,11;490,33;0,38;2,15;1,11;5,98;0,18;0,22
"211";"Chris Porter";NA;NA;NA;6;NA;NA;NA;NA;0,64;3,38;3,62;21,74;0,11;0,6;0,56;3,62;NA;NA
"212";"Chris Pronger";"D";33;5,51;82;12;31;-1;43;43,4;99,89;217,92;503,72;0,53;2,66;1,22;6,14;-0,01;0,52
"213";"Chris Stewart";NA;NA;NA;53;NA;NA;NA;NA;21,74;102,2;70,72;331,4;0,41;1,33;1,93;6,25;NA;NA
"214";"Chris Thorburn";"RW";24;0,48;81;5;13;-4;18;23,15;143,05;93,92;570,34;0,29;1,16;1,77;7,04;-0,05;0,22
"215";"Christian Backman";"D";27;2,2;56;3;15;-2;18;16,15;63,31;100,74;376,3;0,29;1,8;1,13;6,72;-0,04;0,32
"216";"Christian Ehrhoff";"D";25;0,9;77;1;21;9;22;26,97;75,31;164,14;450,54;0,35;2,13;0,98;5,85;0,12;0,29
"217";"Christian Hanson";NA;NA;NA;5;NA;NA;NA;NA;0,41;1,72;9;36,94;0,08;1,8;0,34;7,39;NA;NA
"218";"Christoph Schubert";"D";25;0,85;50;8;16;7;24;12,79;54,42;62,34;275,57;0,26;1,25;1,09;5,51;0,14;0,48
"219";"Chuck Kobasew";"RW";25;1,2;67;22;17;6;39;22,33;92,07;95,03;378,21;0,33;1,42;1,37;5,64;0,09;0,58
"220";"Dainius Zubrus";"C";29;3,4;82;13;25;2;38;19,36;79,46;123,09;486,7;0,24;1,5;0,97;5,94;0,02;0,46
"221";"Dan Boyle";"D";31;3,62;77;4;21;-29;25;36,11;88,65;219,94;539,81;0,47;2,86;1,15;7,01;-0,38;0,32
"222";"Dan Ellis";"G";27;0,5;35;0;0;0;0;0,87;0,88;194,07;209,75;0,02;5,54;0,03;5,99;0;0
"223";"Dan Fritsche";"C";22;0,75;49;10;12;2;22;10,13;57,54;46,11;251,61;0,21;0,94;1,17;5,13;0,04;0,45
"224";"Dan Girardi";"D";23;0,75;82;10;18;0;28;36,71;104,15;179,04;504,82;0,45;2,18;1,27;6,16;0;0,34
"225";"Dan Hamhuis";"D";25;1,75;82;4;23;-4;27;39,62;113,45;172,91;450,3;0,48;2,11;1,38;5,49;-0,05;0,33
"226";"Dan Hinote";"RW";30;1;51;5;5;-3;10;10,7;59,76;47,23;262,72;0,21;0,93;1,17;5,15;-0,06;0,2
"227";"Dan Jancevski";"D";26;0,02;3;0;0;-1;0;0,05;0,16;3,42;14,04;0,02;1,14;0,05;4,68;-0,33;0
"228";"Dan Lacouture";NA;NA;NA;11;NA;NA;NA;NA;0,83;18,13;7,56;114,29;0,08;0,69;1,65;10,39;NA;NA
"229";"Daniel Alfredsson";"RW";35;4,69;79;40;49;15;89;29,8;89,37;163,16;476,59;0,38;2,07;1,13;6,03;0,19;1,13
"230";"Daniel Briere";"C";30;10;29;31;41;-22;72;7,59;30,56;51,66;200,32;0,26;1,78;1,05;6,91;-0,76;2,48
"231";"Daniel Carcillo";NA;NA;NA;73;NA;NA;NA;NA;33,14;219,86;94,2;501,42;0,45;1,29;3,01;6,87;NA;NA
"232";"Daniel Cleary";"LW";29;0,68;73;20;22;21;42;24,85;89,23;114,15;407,55;0,34;1,56;1,22;5,58;0,29;0,58
"233";"Daniel Lacosta";NA;NA;NA;3;NA;NA;NA;NA;0,05;0,05;18,29;20,04;0,02;6,1;0,02;6,68;NA;NA
"234";"Daniel Paille";"LW";23;0,59;73;19;16;9;35;16,33;84,13;81,53;418,5;0,22;1,12;1,15;5,73;0,12;0,48
"235";"Daniel Sedin";"LW";27;3,58;81;29;45;6;74;36,41;118,35;160,56;522,79;0,45;1,98;1,46;6,45;0,07;0,91
"236";"Daniel Tjarnqvist";NA;NA;NA;37;NA;NA;NA;NA;4,41;16,67;46,04;183,81;0,12;1,24;0,45;4,97;NA;NA
"237";"Daniel Winnik";"LW";22;0,52;48;11;15;-3;26;18,29;85,89;56,28;268,64;0,38;1,17;1,79;5,6;-0,06;0,54
"238";"Danny Syvret";NA;NA;NA;2;NA;NA;NA;NA;0;0;1,38;8,75;0;0,69;0;4,37;NA;NA
"239";"Dany Heatley";"RW";26;5,5;82;41;41;33;82;40,7;120,05;176,5;522,73;0,5;2,15;1,46;6,37;0,4;1
"240";"Dany Sabourin";NA;NA;NA;19;NA;NA;NA;NA;1,22;1,45;108,66;127,29;0,06;5,72;0,08;6,7;NA;NA
"241";"Darcy Hordichuk";"LW";27;0,52;71;1;2;-1;3;13,86;152,19;45,88;482,37;0,2;0,65;2,14;6,79;-0,01;0,04
"242";"Darcy Tucker";"LW";32;3;63;18;16;-8;34;25,51;110,62;90,3;375,88;0,4;1,43;1,76;5,97;-0,13;0,54
"243";"Darren Helm";"C";20;0,09;16;0;0;-2;0;4,9;22,29;18,44;84,5;0,31;1,15;1,39;5,28;-0,12;0
"244";"Darren McCarty";"RW";35;0,12;13;0;1;2;1;1,68;24,42;8,76;110,29;0,13;0,67;1,88;8,48;0,15;0,08
"245";"Darroll Powe";NA;NA;NA;60;NA;NA;NA;NA;17,75;100,17;73,34;435,42;0,3;1,22;1,67;7,26;NA;NA
"246";"Darryl Sydor";"D";35;2,5;73;1;12;1;13;19,33;65,43;138,61;452,3;0,26;1,9;0,9;6,2;0,01;0,18
"247";"Dave Bolland";"C";21;0,61;81;4;13;6;17;17,48;64,1;139,12;501,56;0,22;1,72;0,79;6,19;0,07;0,21
"248";"David Backes";"RW";23;0,89;82;13;18;-11;31;47,44;168,17;155,13;524,19;0,58;1,89;2,05;6,39;-0,13;0,38
"249";"David Booth";"LW";23;0,7;72;22;18;13;40;37,54;127,25;136,53;469,8;0,52;1,9;1,77;6,52;0,18;0,56
"250";"David Clarkson";"RW";23;0,8;82;9;13;1;22;29,9;149,95;101,21;485,44;0,36;1,23;1,83;5,92;0,01;0,27
"251";"David Hale";"D";26;0,59;48;0;2;0;2;12,17;45,92;67,09;257,02;0,25;1,4;0,96;5,35;0;0,04
"252";"David Jones";"RW";23;0,17;40;2;4;-5;6;7,95;33,71;46,41;211,24;0,2;1,16;0,84;5,28;-0,12;0,15
"253";"David Koci";"D";26;0,33;37;0;0;-4;0;11,52;122,37;35,99;378,59;0,31;0,97;3,31;10,23;-0,11;0
"254";"David Krejci";"C";21;0,62;81;6;21;-3;27;25,61;88,51;149,87;517,28;0,32;1,85;1,09;6,39;-0,04;0,33
"255";"David Legwand";"C";27;2,1;73;15;29;-4;44;23,05;72,51;142,71;443,68;0,32;1,95;0,99;6,08;-0,05;0,6
"256";"David Moss";"RW";26;0,52;80;4;7;-4;11;25,95;112,95;115,46;499,96;0,32;1,44;1,41;6,25;-0,05;0,14
"257";"David Perron";"C";19;0,92;81;13;14;16;27;27,61;111,19;123,55;495,73;0,34;1,53;1,37;6,12;0,2;0,33
"258";"David Schlemko";NA;NA;NA;3;NA;NA;NA;NA;0,8;2,76;9,48;29,93;0,27;3,16;0,92;9,98;NA;NA
"259";"David Sloane";NA;NA;NA;1;NA;NA;NA;NA;0,02;0,17;0,73;6,9;0,02;0,73;0,17;6,9;NA;NA
"260";"David Steckel";NA;NA;NA;76;NA;NA;NA;NA;15,44;68,56;97,39;435,41;0,2;1,28;0,9;5,73;NA;NA
"261";"David Van Der Gulik";NA;NA;NA;6;NA;NA;NA;NA;1,68;9,9;6,65;39,43;0,28;1,11;1,65;6,57;NA;NA
"262";"Davis Drewiske";NA;NA;NA;17;NA;NA;NA;NA;4,56;13,81;26,83;94,56;0,27;1,58;0,81;5,56;NA;NA
"263";"Daymond Langkow";"C";31;2,44;72;30;35;16;65;26,16;93,2;138,74;487,2;0,36;1,93;1,29;6,77;0,22;0,9
"264";"Dean McAmmond";"LW";34;0,85;62;9;13;1;22;8,81;46,64;64,71;339,39;0,14;1,04;0,75;5,47;0,02;0,35
"265";"Denis Gauthier";NA;NA;NA;65;NA;NA;NA;NA;22,33;93,39;105,89;422,48;0,34;1,63;1,44;6,5;NA;NA
"266";"Denis Grebeshkov";"D";24;0,95;72;3;15;2;18;28,91;82,68;153,02;434,11;0,4;2,13;1,15;6,03;0,03;0,25
"267";"Dennis Seidenberg";"D";26;0,85;69;0;15;6;15;33,34;86,76;152,48;399,05;0,48;2,21;1,26;5,78;0,09;0,22
"268";"Dennis Wideman";"D";24;0,6;78;13;23;11;36;42,23;103,93;187,95;465,21;0,54;2,41;1,33;5,96;0,14;0,46
"269";"Derek Armstrong";"C";34;1,4;56;8;27;4;35;9,63;69,82;47,91;346,62;0,17;0,86;1,25;6,19;0,07;0,62
"270";"Derek Boogaard";"LW";25;0,75;51;0;0;-5;0;10,83;460,55;33,48;747,36;0,21;0,66;9,03;14,65;-0,1;0
"271";"Derek Dorsett";NA;NA;NA;52;NA;NA;NA;NA;18,41;182,31;47,25;362,43;0,35;0,91;3,51;6,97;NA;NA
"272";"Derek Joslin";NA;NA;NA;12;NA;NA;NA;NA;3,14;19,36;16,52;89,35;0,26;1,38;1,61;7,45;NA;NA
"273";"Derek MacKenzie";"C";26;0,11;1;2;0;-2;2;0,28;1,63;0,3;1,77;0,28;0,3;1,63;1,77;-2;2
"274";"Derek Meech";"D";23;0,45;41;0;3;-5;3;7,27;48,93;37,22;228,94;0,18;0,91;1,19;5,58;-0,12;0,07
"275";"Derek Morris";"D";29;3,9;75;8;17;8;25;31,92;92,06;156,12;444,55;0,43;2,08;1,23;5,93;0,11;0,33
"276";"Derek Peltier";NA;NA;NA;11;NA;NA;NA;NA;1,64;6,21;12,63;52,19;0,15;1,15;0,56;4,74;NA;NA
"277";"Derek Roy";"C";24;3;82;32;49;13;81;37,5;105,6;181,26;510,76;0,46;2,21;1,29;6,23;0,16;0,99
"278";"Derick Brassard";"C";20;0,31;31;1;1;-4;2;9,44;38,45;50,15;206,31;0,3;1,62;1,24;6,66;-0,13;0,06
"279";"Devin Setoguchi";"RW";21;0,83;81;11;6;6;17;39,93;149,75;145,02;537,25;0,49;1,79;1,85;6,63;0,07;0,21
"280";"Dion Phaneuf";"D";22;0,94;79;17;43;12;60;50,34;122,64;240,57;532,49;0,64;3,05;1,55;6,74;0,15;0,76
"281";"DJ King";NA;NA;NA;1;NA;NA;NA;NA;0,15;1,09;0,02;0,14;0,15;0,02;1,09;0,14;NA;NA
"282";"Dmitri Kalinin";"D";27;2,25;71;1;7;-7;8;19,6;65,84;124,73;416,15;0,28;1,76;0,93;5,86;-0,1;0,11
"283";"Dominic Moore";"C";27;0,7;80;5;12;-4;17;23,72;84,96;134,68;487,16;0,3;1,68;1,06;6,09;-0,05;0,21
"284";"Donald Brashear";"LW";35;1,1;63;5;3;-7;8;18,15;136,59;58,42;419,99;0,29;0,93;2,17;6,67;-0,11;0,13
"285";"Doug Janik";"D";27;0,48;15;1;3;-3;4;1,16;10,55;11,53;68,17;0,08;0,77;0,7;4,54;-0,2;0,27
"286";"Doug Weight";"C";36;3,5;53;10;15;4;25;19,82;68,87;107,83;351,82;0,37;2,03;1,3;6,64;0,08;0,47
"287";"Douglas Murray";NA;NA;NA;75;NA;NA;NA;NA;21,72;72,95;120,85;429,96;0,29;1,61;0,97;5,73;NA;NA
"288";"Drew Doughty";NA;NA;NA;81;NA;NA;NA;NA;35,08;91,68;180,44;470,21;0,43;2,23;1,13;5,81;NA;NA
"289";"Drew Miller";"LW";23;0,34;27;2;3;-1;5;6,1;30,88;29,96;142,89;0,23;1,11;1,14;5,29;-0,04;0,19
"290";"Drew Stafford";"RW";22;0,98;79;16;22;3;38;26,92;102,14;118,17;453,92;0,34;1,5;1,29;5,75;0,04;0,48
"291";"Duncan Keith";"D";24;1,4;77;12;20;30;32;36,32;85,82;194,09;457,22;0,47;2,52;1,11;5,94;0,39;0,42
"292";"Dustin Boyd";"C";21;0,54;70;7;5;-11;12;13,35;61,39;92,35;422,47;0,19;1,32;0,88;6,04;-0,16;0,17
"293";"Dustin Brown";"RW";23;1,18;80;33;27;-13;60;59,76;177,6;178,34;540,84;0,75;2,23;2,22;6,76;-0,16;0,75
"294";"Dustin Byfuglien";"D";22;0,54;77;19;17;-7;36;33,31;131,6;111,97;435,85;0,43;1,45;1,71;5,66;-0,09;0,47
"295";"Dustin Jeffrey";NA;NA;NA;14;NA;NA;NA;NA;1,92;8,7;14,12;74,25;0,14;1,01;0,62;5,3;NA;NA
"296";"Dustin Penner";"RW";25;4,25;78;23;24;-12;47;27,55;116,95;130,43;528,62;0,35;1,67;1,5;6,78;-0,15;0,6
"297";"Dwayne Roloson";"G";38;3,5;63;0;1;0;1;2,62;3,25;353,05;374,33;0,04;5,6;0,05;5,94;0;0,02
"298";"Dwight Helminen";NA;NA;NA;23;NA;NA;NA;NA;4,12;39,88;13,58;124,86;0,18;0,59;1,73;5,43;NA;NA
"299";"Ed Jovanovski";"D";31;7;81;12;39;-13;51;33,18;92,58;171,09;474,53;0,41;2,11;1,14;5,86;-0,16;0,63
"300";"Enver Lisin";"RW";21;0,18;48;4;1;-5;5;16,11;64,36;69,27;274,98;0,34;1,44;1,34;5,73;-0,1;0,1
"301";"Eric Belanger";"C";30;1,75;79;13;24;-6;37;14,85;50,85;106,04;357,95;0,19;1,34;0,64;4,53;-0,08;0,47
"302";"Eric Boulton";"LW";31;0,52;75;4;5;-10;9;20,42;159,5;72,46;543,67;0,27;0,97;2,13;7,25;-0,13;0,12
"303";"Eric Brewer";"D";28;3,5;28;1;21;-18;22;11,8;28,61;57,21;137,5;0,42;2,04;1,02;4,91;-0,64;0,79
"304";"Eric Fehr";"RW";22;0,76;61;1;5;4;6;18,73;106;68,64;373,43;0,31;1,13;1,74;6,12;0,07;0,1
"305";"Eric Godard";"RW";27;0,47;71;1;1;-8;2;14,15;249,95;35,4;539,28;0,2;0,5;3,52;7,6;-0,11;0,03
"306";"Eric Nystrom";"LW";24;0,48;75;3;7;-5;10;20,35;120,8;82,22;493,1;0,27;1,1;1,61;6,57;-0,07;0,13
"307";"Eric Perrin";"C";32;0,75;77;12;33;-5;45;15,31;69,01;100,14;432,08;0,2;1,3;0,9;5,61;-0,06;0,58
"308";"Eric Staal";"C";23;4,5;81;38;44;-2;82;39,45;110,57;203,62;581,78;0,49;2,51;1,37;7,18;-0,02;1,01
"309";"Erik Cole";"LW";29;4;80;22;29;5;51;37,48;133,48;144,73;501,22;0,47;1,81;1,67;6,27;0,06;0,64
"310";"Erik Christensen";"C";24;0,75;63;11;13;-10;24;15,67;65,48;77,84;344,87;0,25;1,24;1,04;5,47;-0,16;0,38
"311";"Erik Ersberg";"G";25;0,18;28;0;0;0;0;1,56;1,55;152,26;167,55;0,06;5,44;0,06;5,98;0;0
"312";"Erik Reitz";NA;NA;NA;42;NA;NA;NA;NA;14,14;82,6;54,02;303,19;0,34;1,29;1,97;7,22;NA;NA
"313";"Ethan Moreau";"LW";32;2,75;77;5;4;-4;9;37,88;147,26;119,42;456,22;0,49;1,55;1,91;5,92;-0,05;0,12
"314";"Evgeni Malkin";"C";21;3,83;82;47;59;16;106;50,76;134,92;220,41;591,75;0,62;2,69;1,65;7,22;0,2;1,29
"315";"Evgeni Nabokov";"G";32;5;62;0;2;0;2;2,59;2,59;380,95;381,38;0,04;6,14;0,04;6,15;0;0,03
"316";"Evgeny Artyukhin";NA;NA;NA;73;NA;NA;NA;NA;35,72;189,73;94,61;504,91;0,49;1,3;2,6;6,92;NA;NA
"317";"Fabian Brunnstrom";NA;NA;NA;55;NA;NA;NA;NA;13,81;68,27;65,18;345,25;0,25;1,19;1,24;6,28;NA;NA
"318";"Fedor Tyutin";"D";24;1,02;82;5;15;5;20;34,03;89,43;187,21;488,63;0,42;2,28;1,09;5,96;0,06;0,24
"319";"Fernando Pisani";"RW";31;2,5;38;13;9;-5;22;13,81;52,98;58,53;221,63;0,36;1,54;1,39;5,83;-0,13;0,58
"320";"Filip Kuba";"D";31;3;71;6;25;-8;31;25,7;68,53;156,45;412,36;0,36;2,2;0,97;5,81;-0,11;0,44
"321";"Francis Bouillon";"D";32;1,88;54;2;6;9;8;18,4;69,46;93,69;333,93;0,34;1,73;1,29;6,18;0,17;0,15
"322";"Francois Beauchemin";"D";27;1,65;20;2;19;-9;21;9,35;21,38;48,51;112,22;0,47;2,43;1,07;5,61;-0,45;1,05
"323";"Frans Nielsen";"C";23;0,2;59;2;1;1;3;15,96;58,56;100,38;368,19;0,27;1,7;0,99;6,24;0,02;0,05
"324";"Frantisek Kaberle";"D";34;2,2;30;0;22;-4;22;6,18;24,79;48,14;204,64;0,21;1,6;0,83;6,82;-0,13;0,73
"325";"Freddy Meyer";"D";26;0,52;27;3;9;2;12;9,74;26,31;52,37;144,84;0,36;1,94;0,97;5,36;0,07;0,44
"326";"Freddy Modin";NA;NA;NA;50;NA;NA;NA;NA;17,78;63,66;89,71;319,27;0,36;1,79;1,27;6,39;NA;NA
"327";"Fredrik Norrena";"G";34;0,8;8;0;1;0;1;0;0;32,64;45,28;0;4,08;0;5,66;0;0,12
"328";"Fredrik Sjostrom";"RW";24;0,8;79;12;9;-2;21;18,83;96,66;99,14;505,69;0,24;1,25;1,22;6,4;-0,03;0,27
"329";"Garnet Exelby";"D";26;1,05;58;2;5;-21;7;25,13;86,59;103,33;359,82;0,43;1,78;1,49;6,2;-0,36;0,12
"330";"Garrett Stafford";"D";27;0,01;3;0;0;0;0;0,93;3,29;3,34;11,36;0,31;1,11;1,1;3,79;0;0
"331";"Garth Murray";"C";25;0,58;10;0;0;0;0;2,36;16,91;8,33;57,67;0,24;0,83;1,69;5,77;0;0
"332";"Gary Roberts";"LW";41;2,5;30;3;12;-3;15;6,87;36,59;33,88;184,41;0,23;1,13;1,22;6,15;-0,1;0,5
"333";"Geoff Kinrade";NA;NA;NA;1;NA;NA;NA;NA;0,1;0,33;2,06;6,68;0,1;2,06;0,33;6,68;NA;NA
"334";"George Parros";"RW";28;0,52;74;1;4;3;5;15,6;163,15;54,4;551,56;0,21;0,74;2,2;7,45;0,04;0,07
"335";"Georges Laraque";"RW";31;1,25;33;4;9;0;13;8,42;64,41;34,15;263,8;0,26;1,03;1,95;7,99;0;0,39
"336";"Gilbert Brule";"C";21;1,06;11;1;8;-4;9;4,07;22,13;12,28;69,07;0,37;1,12;2,01;6,28;-0,36;0,82
"337";"Glen Metropolit";"C";33;0,5;76;11;22;-3;33;13,96;66,12;100,09;463,55;0,18;1,32;0,87;6,1;-0,04;0,43
"338";"Graham Mink";NA;NA;NA;2;NA;NA;NA;NA;0,08;0,5;1,36;9,58;0,04;0,68;0,25;4,79;NA;NA
"339";"Grant Lewis";NA;NA;NA;1;NA;NA;NA;NA;0,46;1,88;1,19;4,91;0,46;1,19;1,88;4,91;NA;NA
"340";"Greg De Vries";"D";34;2,25;71;4;11;7;15;19,08;76,27;111,2;435,75;0,27;1,57;1,07;6,14;0,1;0,21
"341";"Greg Zanon";"D";27;0,7;82;0;5;-5;5;29,33;87,23;159,04;458,99;0,36;1,94;1,06;5,6;-0,06;0,06
"342";"Gregory Campbell";NA;NA;NA;77;NA;NA;NA;NA;27,01;97,66;125,85;439,6;0,35;1,63;1,27;5,71;NA;NA
"343";"Gregory Stewart";NA;NA;NA;20;NA;NA;NA;NA;3,46;24,83;17,53;113,94;0,17;0,88;1,24;5,7;NA;NA
"344";"Guillaume Latendresse";"LW";20;0,85;56;16;11;-2;27;21,62;92,8;85,9;363,52;0,39;1,53;1,66;6,49;-0,04;0,48
"345";"Hal Gill";"D";32;2,08;62;3;21;6;24;24,1;84,07;113,14;382,32;0,39;1,82;1,36;6,17;0,1;0,39
"346";"Henrik Lundqvist";"G";25;4,25;70;0;0;0;0;1,66;1,62;447,99;450;0,02;6,4;0,02;6,43;0;0
"347";"Henrik Sedin";"C";27;3,58;81;15;61;6;76;18,42;57,23;168,4;527,89;0,23;2,08;0,71;6,52;0,07;0,94
"348";"Henrik Tallinder";"D";28;2,5;66;1;17;5;18;21,82;71,6;114,39;385,57;0,33;1,73;1,08;5,84;0,08;0,27
"349";"Henrik Zetterberg";"C";27;2,7;76;43;49;30;92;34,29;103,62;158,18;477,15;0,45;2,08;1,36;6,28;0,39;1,21
"350";"Ian Laperriere";"C";33;1,06;74;4;15;-5;19;20,79;102,2;96,13;419,01;0,28;1,3;1,38;5,66;-0,07;0,26
"351";"Ian White";"D";23;0,75;70;5;16;-9;21;34,98;93,43;168,9;449;0,5;2,41;1,33;6,41;-0,13;0,3
"352";"Ilya Bryzgalov";"G";27;1,36;64;0;0;0;0;0,69;0,7;346,39;364,53;0,01;5,41;0,01;5,7;0;0
"353";"Ilya Kovalchuk";"LW";24;5,43;78;52;35;-12;87;44,17;118,85;177,85;533,82;0,57;2,28;1,52;6,84;-0,15;1,12
"354";"Ilya Zubov";"C";20;0;10;0;0;0;0;1,64;7,77;9,74;55,67;0,16;0,97;0,78;5,57;0;0
"355";"Ivan Vishnevskiy";NA;NA;NA;3;NA;NA;NA;NA;0,51;1,74;6,47;20,78;0,17;2,16;0,58;6,93;NA;NA
"356";"J-P Dumont";NA;NA;NA;82;NA;NA;NA;NA;28,17;93,69;147,98;493;0,34;1,8;1,14;6,01;NA;NA
"357";"Jack Hillen";"D";21;NA;40;0;1;1;1;10,26;41,36;59,95;234,04;0,26;1,5;1,03;5,85;0,02;0,02
"358";"Jack Johnson";"D";20;2,15;41;3;8;-19;11;13,86;40,2;87,36;250,22;0,34;2,13;0,98;6,1;-0,46;0,27
"359";"Jack Skille";"LW";20;0,3;8;3;2;1;5;2,19;10,62;9,3;44,41;0,27;1,16;1,33;5,55;0,12;0,62
"360";"Jaime Sifers";NA;NA;NA;23;NA;NA;NA;NA;6,51;33,52;33,85;167,85;0,28;1,47;1,46;7,3;NA;NA
"361";"Jake Dowell";"C";22;0,25;1;2;1;1;3;0,29;1,42;1,04;5,02;0,29;1,04;1,42;5,02;1;3
"362";"Jakub Petruzalek";NA;NA;NA;2;NA;NA;NA;NA;0,38;1,94;1,64;11,72;0,19;0,82;0,97;5,86;NA;NA
"363";"Jakub Voracek";NA;NA;NA;80;NA;NA;NA;NA;19,21;93,31;105,19;488,87;0,24;1,31;1,17;6,11;NA;NA
"364";"Jamal Mayers";"RW";33;1,2;70;12;15;-19;27;13,65;80,2;77,02;439,85;0,2;1,1;1,15;6,28;-0,27;0,39
"365";"James Neal";NA;NA;NA;77;NA;NA;NA;NA;39,57;151,66;127,84;483,27;0,51;1,66;1,97;6,28;NA;NA
"366";"James Sheppard";"C";19;1,4;82;4;15;0;19;17,77;66,31;120,91;471,32;0,22;1,47;0,81;5,75;0;0,23
"367";"James Wisniewski";"D";23;0,65;48;7;19;12;26;22,34;65,69;99,31;303,39;0,47;2,07;1,37;6,32;0,25;0,54
"368";"Jamie Fraser";NA;NA;NA;1;NA;NA;NA;NA;0,24;1,23;3,35;17,5;0,24;3,35;1,23;17,5;NA;NA
"369";"Jamie Fritsch";NA;NA;NA;1;NA;NA;NA;NA;0;0;0,67;9,98;0;0,67;0;9,98;NA;NA
"370";"Jamie Heward";NA;NA;NA;13;NA;NA;NA;NA;2,76;11,35;18,98;89,88;0,21;1,46;0,87;6,91;NA;NA
"371";"Jamie Langenbrunner";"RW";32;2,8;81;13;28;-1;41;41,22;142,26;141,1;481,59;0,51;1,74;1,76;5,95;-0,01;0,51
"372";"Jamie Lundmark";NA;NA;NA;27;NA;NA;NA;NA;8,04;33,17;36,44;156,97;0,3;1,35;1,23;5,81;NA;NA
"373";"Jamie McGinn";NA;NA;NA;35;NA;NA;NA;NA;5,6;30,95;33,28;227,34;0,16;0,95;0,88;6,5;NA;NA
"374";"Jan Hejda";"D";29;1;82;0;13;20;13;30,08;79,18;171,19;457,02;0,37;2,09;0,97;5,57;0,24;0,16
"375";"Janis Sprukts";NA;NA;NA;1;NA;NA;NA;NA;0,52;2,44;1,02;4,77;0,52;1,02;2,44;4,77;NA;NA
"376";"Janne Niskala";NA;NA;NA;6;NA;NA;NA;NA;3,07;12,36;12,14;50,09;0,51;2,02;2,06;8,35;NA;NA
"377";"Janne Pesonen";NA;NA;NA;7;NA;NA;NA;NA;0,32;3,44;5,54;43,08;0,05;0,79;0,49;6,15;NA;NA
"378";"Jannik Hansen";"LW";21;0,05;55;0;0;0;0;13,84;131,36;64,77;413,75;0,25;1,18;2,39;7,52;0;0
"379";"Jared Boll";"RW";21;0,74;75;5;5;-4;10;24,25;176,2;65,41;433,81;0,32;0,87;2,35;5,78;-0,05;0,13
"380";"Jared Ross";NA;NA;NA;10;NA;NA;NA;NA;2,31;17,86;7,46;60,25;0,23;0,75;1,79;6,02;NA;NA
"381";"Jarkko Ruutu";"LW";32;1,15;78;6;10;3;16;30,68;153,88;95,45;474,21;0,39;1,22;1,97;6,08;0,04;0,21
"382";"Jarome Iginla";"RW";30;7;81;50;48;27;98;44,32;127,37;190,23;542,62;0,55;2,35;1,57;6,7;0,33;1,21
"383";"Jaroslav Halak";"G";22;0,21;34;0;0;0;0;2,3;2,33;210,53;222,28;0,07;6,19;0,07;6,54;0;0
"384";"Jaroslav Spacek";"D";33;3,48;80;9;23;7;32;27,95;75,5;187,87;519,15;0,35;2,35;0,94;6,49;0,09;0,4
"385";"Jarret Stoll";"C";25;2,2;74;14;22;-23;36;24,72;88,66;125,59;453,7;0,33;1,7;1,2;6,13;-0,31;0,49
"386";"Jason Arnott";"C";33;4,5;65;28;44;19;72;24,12;71,36;122,62;384,68;0,37;1,89;1,1;5,92;0,29;1,11
"387";"Jason Blake";"LW";34;5;77;15;37;-4;52;40,3;131,51;144,98;474,51;0,52;1,88;1,71;6,16;-0,05;0,68
"388";"Jason Chimera";"LW";28;1;49;14;17;-5;31;17,33;61,05;78,74;278,62;0,35;1,61;1,25;5,69;-0,1;0,63
"389";"Jason Garrison";NA;NA;NA;1;NA;NA;NA;NA;-0,02;-0,09;0,62;3,49;-0,02;0,62;-0,09;3,49;NA;NA
"390";"Jason Jaffray";"LW";26;0,12;14;2;4;4;6;2;13,16;11,71;71,53;0,14;0,84;0,94;5,11;0,29;0,43
"391";"Jason Krog";NA;NA;NA;4;NA;NA;NA;NA;1,39;8,58;3,96;26,83;0,35;0,99;2,14;6,71;NA;NA
"392";"Jason LaBarbera";NA;NA;NA;27;NA;NA;NA;NA;0,79;-1,07;143,81;154,09;0,03;5,33;-0,04;5,71;NA;NA
"393";"Jason Pominville";"RW";25;0,92;82;27;53;16;80;36,38;114,84;172,73;533,65;0,44;2,11;1,4;6,51;0,2;0,98
"394";"Jason Smith";"D";34;1,98;63;1;9;-4;10;20,97;68,67;108,04;354,63;0,33;1,71;1,09;5,63;-0,06;0,16
"395";"Jason Spezza";"C";24;5;82;34;58;26;92;37,37;113,69;174,62;530,8;0,46;2,13;1,39;6,47;0,32;1,12
"396";"Jason Strudwick";"D";32;0,5;71;1;1;0;2;14,33;73,77;84,7;408,97;0,2;1,19;1,04;5,76;0;0,03
"397";"Jason Ward";"RW";28;0,65;1;8;6;-18;14;0,09;0,58;0,35;2,22;0,09;0,35;0,58;2,22;-18;14
"398";"Jason Williams";"C";27;1,6;79;13;23;-2;36;25,64;100,14;126,82;486,75;0,32;1,61;1,27;6,16;-0,03;0,46
"399";"Jassen Cullimore";"D";35;0,47;68;3;10;21;13;16;56,26;102,86;355,91;0,24;1,51;0,83;5,23;0,31;0,19
"400";"Jay Beagle";NA;NA;NA;3;NA;NA;NA;NA;0,53;3,52;2,84;20,52;0,18;0,95;1,17;6,84;NA;NA
"401";"Jay Bouwmeester";"D";24;2,25;82;15;22;-5;37;39,03;91,55;196,73;460,41;0,48;2,4;1,12;5,61;-0,06;0,45
"402";"Jay Harrison";NA;NA;NA;7;NA;NA;NA;NA;1;3,4;8,05;26,39;0,14;1,15;0,49;3,77;NA;NA
"403";"Jay Leach";"D";28;0,01;24;0;0;-1;0;3,96;14,83;35,75;141,42;0,16;1,49;0,62;5,89;-0,04;0
"404";"Jay McClement";"C";24;0,7;82;9;13;-17;22;9,8;36,82;106,59;403,73;0,12;1,3;0,45;4,92;-0,21;0,27
"405";"Jay McKee";"D";30;4;69;2;7;2;9;21,53;69,83;117,89;392,42;0,31;1,71;1,01;5,69;0,03;0,13
"406";"Jay Pandolfo";"LW";33;0,84;61;12;12;10;24;13,07;52,11;68,13;279,47;0,21;1,12;0,85;4,58;0,16;0,39
"407";"Jean-Francois Jacques";"LW";22;0,06;7;0;0;-3;0;0,37;7,02;5,95;49,47;0,05;0,85;1;7,07;-0,43;0
"408";"Jean-Sebastien Giguere";"G";30;5,5;46;0;0;0;0;0,53;0,09;240,24;271,19;0,01;5,22;0;5,9;0;0
"409";"Jed Ortmeyer";"RW";29;0,75;2;4;4;-8;8;0,43;2,62;2,71;16,93;0,22;1,35;1,31;8,46;-4;4
"410";"Jeff Carter";"C";23;0,94;82;29;24;6;53;48,88;141,78;189,35;548,3;0,6;2,31;1,73;6,69;0,07;0,65
"411";"Jeff Deslauriers";NA;NA;NA;10;NA;NA;NA;NA;1,05;1,06;50,86;58,3;0,11;5,09;0,11;5,83;NA;NA
"412";"Jeff Finger";"D";28;0,48;65;8;11;12;19;29,14;83,92;136,57;394,43;0,45;2,1;1,29;6,07;0,18;0,29
"413";"Jeff Halpern";"C";31;2;52;20;22;0;42;3,33;10,98;75,07;283,08;0,06;1,44;0,21;5,44;0;0,81
"414";"Jeff Hamilton";"RW";30;0,71;15;9;15;-8;24;5,32;24,23;25,69;116,78;0,35;1,71;1,62;7,79;-0,53;1,6
"415";"Jeff Hoggan";"LW";29;0;4;0;0;0;0;1,87;8,87;6,13;30,46;0,47;1,53;2,22;7,62;0;0
"416";"Jeff Schultz";"D";21;0,78;64;5;13;12;18;12,79;38;124,84;388,57;0,2;1,95;0,59;6,07;0,19;0,28
"417";"Jeff Taffe";"C";26;0,29;8;5;7;2;12;0,54;4,49;7,29;47,86;0,07;0,91;0,56;5,98;0,25;1,5
"418";"Jeff Tambellini";"LW";23;0,33;65;1;3;-9;4;19,68;89,81;90,03;411,8;0,3;1,39;1,38;6,34;-0,14;0,06
"419";"Jeff Woywitka";"D";24;0,21;65;2;6;2;8;15,49;51,08;118,18;383,49;0,24;1,82;0,79;5,9;0,03;0,12
"420";"Jere Lehtinen";"LW";34;3,9;48;15;22;9;37;15,2;48,71;85,44;279,23;0,32;1,78;1,01;5,82;0,19;0,77
"421";"Jeremy Colliton";"C";22;0,11;6;0;0;-4;0;2,1;10,73;6,98;36,44;0,35;1,16;1,79;6,07;-0,67;0
"422";"Jeremy Roenick";"C";37;0,5;42;14;19;-8;33;12,37;68,26;50,6;259,39;0,29;1,2;1,63;6,18;-0,19;0,79
"423";"Jeremy Williams";"RW";23;0,11;11;2;0;-3;2;1,79;7,95;11,16;53,13;0,16;1,01;0,72;4,83;-0,27;0,18
"424";"Jerred Smithson";"C";28;0,48;82;7;9;-9;16;16,58;83,53;99,83;461,27;0,2;1,22;1,02;5,63;-0,11;0,2
"425";"Jesse Boulerice";"RW";29;0,09;2;0;0;-2;0;0;0;0,09;1,36;0;0,04;0;0,68;-1;0
"426";"Jesse Joensuu";NA;NA;NA;7;NA;NA;NA;NA;1,41;6,77;6,85;32,74;0,2;0,98;0,97;4,68;NA;NA
"427";"Jesse Winchester";"C";24;NA;76;0;0;0;0;20,22;112,69;73,64;420,91;0,27;0,97;1,48;5,54;0;0
"428";"Jim Slater";"C";25;0,75;59;8;5;-10;13;18,44;95,68;75,31;386,04;0,31;1,28;1,62;6,54;-0,17;0,22
"429";"Jim Vandermeer";"D";27;1,23;45;3;14;6;17;18,71;70,25;83,59;301,22;0,42;1,86;1,56;6,69;0,13;0,38
"430";"Jimmy Howard";"G";23;0,14;1;0;0;0;0;0;0;2,96;3,06;0;2,96;0;3,06;0;0
"431";"Jiri Hudler";"LW";23;0,88;81;13;29;11;42;19,44;84,48;120,58;521,29;0,24;1,49;1,04;6,44;0,14;0,52
"432";"Jiri Novotny";"C";24;0,7;42;8;14;-10;22;11,02;46,79;54,47;239,01;0,26;1,3;1,11;5,69;-0,24;0,52
"433";"Jiri Tlusty";"LW";19;0,69;14;10;6;-12;16;3,52;14,65;18,35;84,11;0,25;1,31;1,05;6,01;-0,86;1,14
"434";"Joakim Lindstrom";"LW";24;0,2;44;3;4;0;7;11,09;44,23;59,68;240,26;0,25;1,36;1,01;5,46;0;0,16
"435";"Jochen Hecht";"C";30;2,35;70;22;27;1;49;17,46;59,63;105,37;365,49;0,25;1,51;0,85;5,22;0,01;0,7
"436";"Jody Shelley";"LW";31;0,65;70;1;6;-4;7;20,11;196,58;52,38;505,46;0,29;0,75;2,81;7,22;-0,06;0,1
"437";"Joe Callahan";NA;NA;NA;18;NA;NA;NA;NA;5,96;24,13;28,7;111,73;0,33;1,59;1,34;6,21;NA;NA
"438";"Joe Corvo";"D";30;2,5;80;13;35;17;48;35,67;90,45;195,94;502,08;0,45;2,45;1,13;6,28;0,21;0,6
"439";"Joe Pavelski";"C";23;0,85;80;19;21;1;40;29,32;97,16;148,88;478,56;0,37;1,86;1,21;5,98;0,01;0,5
"440";"Joe Sakic";"C";38;6,75;15;13;27;-4;40;4,57;16,1;28,2;90,38;0,3;1,88;1,07;6,03;-0,27;2,67
"441";"Joe Thornton";"C";28;6,67;82;29;67;18;96;23,39;74,32;176,1;550,18;0,29;2,15;0,91;6,71;0,22;1,17
"442";"Joel Lundqvist";"C";25;0,64;43;3;11;-3;14;15,15;86,59;57,36;324,16;0,35;1,33;2,01;7,54;-0,07;0,33
"443";"Joel Perrault";"C";24;0,3;7;7;10;-11;17;0,63;2,88;9,65;46,89;0,09;1,38;0,41;6,7;-1,57;2,43
"444";"Joel Rechlicz";NA;NA;NA;17;NA;NA;NA;NA;3,95;47,88;9,17;109,56;0,23;0,54;2,82;6,44;NA;NA
"445";"Joel Ward";NA;NA;NA;79;NA;NA;NA;NA;28,97;107,53;111,79;415,76;0,37;1,42;1,36;5,26;NA;NA
"446";"Joey Crabb";NA;NA;NA;29;NA;NA;NA;NA;5,55;26,15;32,88;160,34;0,19;1,13;0,9;5,53;NA;NA
"447";"Joey MacDonald";"G";27;0,04;49;0;0;0;0;1,23;1,22;292,84;308,73;0,03;5,98;0,02;6,3;0;0
"448";"Joffrey Lupul";"RW";24;2,54;79;20;26;2;46;32,35;124,61;135,5;514,78;0,41;1,72;1,58;6,52;0,03;0,58
"449";"Johan Franzen";"C";28;0,9;70;27;11;12;38;30,16;100,94;129,56;428,28;0,43;1,85;1,44;6,12;0,17;0,54
"450";"Johan Hedberg";"G";34;1,15;32;0;1;0;1;2,19;2,31;167,85;195,87;0,07;5,25;0,07;6,12;0;0,03
"451";"John-Michael Liles";"D";27;1,4;75;6;26;2;32;26,91;76,97;174,12;494,2;0,36;2,32;1,03;6,59;0,03;0,43
"452";"John Curry";NA;NA;NA;3;NA;NA;NA;NA;0,01;0,01;20,42;24,19;0;6,81;0;8,06;NA;NA
"453";"John Erskine";"D";27;0,52;52;2;7;1;9;21,18;74,95;91,23;321,21;0,41;1,75;1,44;6,18;0,02;0,17
"454";"John Madden";"C";34;2,92;76;20;23;1;43;9,89;36,8;102,19;378,96;0,13;1,34;0,48;4,99;0,01;0,57
"455";"John Mitchell";NA;NA;NA;76;NA;NA;NA;NA;16,99;75,89;114,28;487,79;0,22;1,5;1;6,42;NA;NA
"456";"John Negrin";NA;NA;NA;3;NA;NA;NA;NA;0,11;0,89;2,99;21,42;0,04;1;0,3;7,14;NA;NA
"457";"John Scott";NA;NA;NA;20;NA;NA;NA;NA;4,18;30,22;19,45;121,18;0,21;0,97;1,51;6,06;NA;NA
"458";"John Zeiler";"RW";25;0,36;27;0;1;-6;1;4,64;49,11;22,05;211,56;0,17;0,82;1,82;7,84;-0,22;0,04
"459";"Johnny Boychuk";"D";23;0,07;1;0;0;1;0;0,18;0,69;1,6;6,16;0,18;1,6;0,69;6,16;1;0
"460";"Johnny Oduya";"D";26;0,6;82;6;20;27;26;25,49;72,49;156,71;447,92;0,31;1,91;0,88;5,46;0,33;0,32
"461";"Jon Kalinski";NA;NA;NA;12;NA;NA;NA;NA;1,44;9,8;8,07;62,04;0,12;0,67;0,82;5,17;NA;NA
"462";"Jon Sim";"LW";30;1;49;0;1;-1;1;12,24;60,78;63,48;299,35;0,25;1,3;1,24;6,11;-0,02;0,02
"463";"Jonas Frogren";NA;NA;NA;41;NA;NA;NA;NA;11,58;45,53;58,07;257,86;0,28;1,42;1,11;6,29;NA;NA
"464";"Jonas Hiller";"G";25;2,81;46;0;1;0;1;0,04;0,04;249,19;283,61;0;5,42;0;6,17;0;0,02
"465";"Jonas Junland";NA;NA;NA;1;NA;NA;NA;NA;0,21;0,95;0,4;1,77;0,21;0,4;0,95;1,77;NA;NA
"466";"Jonathan Cheechoo";"RW";27;2,5;66;23;14;11;37;28,53;115,39;100,33;394,86;0,43;1,52;1,75;5,98;0,17;0,56
"467";"Jonathan Ericsson";"D";23;0,05;19;1;0;-3;1;6,95;22,95;34,4;112,7;0,37;1,81;1,21;5,93;-0,16;0,05
"468";"Jonathan Quick";NA;NA;NA;44;NA;NA;NA;NA;2,56;2,56;250,41;263,26;0,06;5,69;0,06;5,98;NA;NA
"469";"Jonathan Toews";"C";19;2,8;82;24;30;11;54;28,11;92,19;145,5;477,26;0,34;1,77;1,12;5,82;0,13;0,66
"470";"Joni Pitkanen";"D";24;2,4;70;8;18;-5;26;35,51;83,04;186,82;436,51;0,51;2,67;1,19;6,24;-0,07;0,37
"471";"Jordan Hendry";"D";23;0,22;9;1;3;0;4;1,58;9,05;9,35;51,82;0,18;1,04;1,01;5,76;0;0,44
"472";"Jordan Lavallee-Smotherman";NA;NA;NA;2;NA;NA;NA;NA;0,23;1,92;0,67;5,17;0,11;0,34;0,96;2,59;NA;NA
"473";"Jordan Leopold";"D";27;1,5;82;5;8;5;13;16,92;53,44;143,95;450,16;0,21;1,76;0,65;5,49;0,06;0,16
"474";"Jordan Staal";"C";19;2,2;82;12;16;-5;28;19,04;58,38;152,95;475,77;0,23;1,87;0,71;5,8;-0,06;0,34
"475";"Jordin Tootoo";"RW";24;0,7;72;11;7;-8;18;31,97;154,55;98,8;476,74;0,44;1,37;2,15;6,62;-0,11;0,25
"476";"Jose Theodore";"G";31;6;57;0;2;0;2;3,18;3,22;344,8;353,87;0,06;6,05;0,06;6,21;0;0,04
"477";"Josef Melichar";NA;NA;NA;39;NA;NA;NA;NA;9,04;36,48;59,36;238,27;0,23;1,52;0,94;6,11;NA;NA
"478";"Joseph Motzko";NA;NA;NA;6;NA;NA;NA;NA;1,15;5,51;9,06;43,61;0,19;1,51;0,92;7,27;NA;NA
"479";"Josh Bailey";NA;NA;NA;68;NA;NA;NA;NA;16,75;64,78;112,14;433,5;0,25;1,65;0,95;6,37;NA;NA
"480";"Josh Gorges";"D";23;0,5;81;0;9;0;9;25,69;78,7;161,09;490,09;0,32;1,99;0,97;6,05;0;0,11
"481";"Josh Gratton";"LW";25;0,12;19;0;0;1;0;3,65;31,06;11,38;99,42;0,19;0,6;1,63;5,23;0,05;0
"482";"Josh Harding";"G";23;0,7;19;0;1;0;1;0,4;0,49;71,67;90,95;0,02;3,77;0,03;4,79;0;0,05
"483";"Josh Hennessy";"C";22;0,03;1;0;0;-1;0;0,4;1,95;1,97;9,6;0,4;1,97;1,95;9,6;-1;0
"484";"Josh Tordjman";NA;NA;NA;2;NA;NA;NA;NA;0;0;9,14;9,34;0;4,57;0;4,67;NA;NA
"485";"Jussi Jokinen";"C";24;1,75;71;16;26;-14;42;14,95;60,2;95,99;371,34;0,21;1,35;0,85;5,23;-0,2;0,59
"486";"Justin Abdelkader";"LW";20;NA;2;0;0;0;0;0;0;0,71;3,58;0;0,36;0;1,79;0;0
"487";"Justin Pogge";NA;NA;NA;7;NA;NA;NA;NA;1,1;1,54;40,98;49,44;0,16;5,85;0,22;7,06;NA;NA
"488";"Justin Williams";"RW";26;3,5;44;9;21;2;30;13,41;49,91;59,29;223,39;0,3;1,35;1,13;5,08;0,05;0,68
"489";"Kamil Kreps";"C";23;0,46;66;8;17;10;25;9,27;41,82;76,95;356,81;0,14;1,17;0,63;5,41;0,15;0,38
"490";"Kari Lehtonen";"G";24;2,2;46;0;2;0;2;2,16;2,3;248,62;263,3;0,05;5,4;0,05;5,72;0;0,04
"491";"Karl Alzner";NA;NA;NA;30;NA;NA;NA;NA;9,47;29,22;64,37;199,88;0,32;2,15;0,97;6,66;NA;NA
"492";"Karlis Skrastins";"D";33;2,4;80;2;3;-11;5;23,81;71,54;142,78;423,89;0,3;1,78;0,89;5,3;-0,14;0,06
"493";"Karri Ramo";"G";21;0,39;24;0;1;0;1;1,61;1,64;143,85;158,38;0,07;5,99;0,07;6,6;0;0,04
"494";"Keith Aucoin";"C";29;0,22;12;5;8;3;13;3,42;18,97;15,09;87,7;0,29;1,26;1,58;7,31;0,25;1,08
"495";"Keith Ballard";"D";25;2,05;82;6;15;7;21;38,26;100,94;198,31;522,98;0,47;2,42;1,23;6,38;0,09;0,26
"496";"Keith Tkachuk";"LW";35;3,5;79;27;31;-2;58;27,45;98,47;135,38;498,6;0,35;1,71;1,25;6,31;-0,03;0,73
"497";"Keith Yandle";"D";21;0,53;68;5;7;-12;12;21,4;78,05;119,65;431,83;0,31;1,76;1,15;6,35;-0,18;0,18
"498";"Ken Klee";"D";36;1,25;70;1;9;-5;10;13,38;50,46;94,39;361,52;0,19;1,35;0,72;5,16;-0,07;0,14
"499";"Kenndal McArdle";NA;NA;NA;3;NA;NA;NA;NA;0,15;1,21;2,02;12,65;0,05;0,67;0,4;4,22;NA;NA
"500";"Kent Huskins";"D";28;0,6;33;4;15;23;19;9,83;31,33;64,38;204,93;0,3;1,95;0,95;6,21;0,7;0,58
"501";"Kevin Bieksa";"D";26;0,55;71;2;10;-11;12;35,92;100;170,31;437,11;0,51;2,4;1,41;6,16;-0,15;0,17
"502";"Kevin Klein";"D";23;0,5;63;0;2;-3;2;12,29;58,63;84,88;395,2;0,2;1,35;0,93;6,27;-0,05;0,03
"503";"Kevin Porter";NA;NA;NA;34;NA;NA;NA;NA;7,47;27,75;44,67;188,46;0,22;1,31;0,82;5,54;NA;NA
"504";"Kevin Quick";NA;NA;NA;6;NA;NA;NA;NA;1,22;5,96;11,17;45,72;0,2;1,86;0,99;7,62;NA;NA
"505";"Kevin Weekes";"G";32;0,68;16;0;0;0;0;0;0;65,9;82,8;0;4,12;0;5,17;0;0
"506";"Kevin Westgarth";NA;NA;NA;9;NA;NA;NA;NA;1,08;13,99;3,84;42,04;0,12;0,43;1,55;4,67;NA;NA
"507";"Kim Johnsson";"D";31;4,8;81;4;23;-4;27;27,2;68,96;161,49;408,35;0,34;1,99;0,85;5,04;-0,05;0,33
"508";"Kimmo Timonen";"D";32;8;77;8;36;0;44;34,7;89,22;199,38;510,7;0,45;2,59;1,16;6,63;0;0,57
"509";"Kirk Maltby";"LW";35;0,95;77;6;4;-8;10;13,01;82,08;65,37;413,87;0,17;0,85;1,07;5,37;-0,1;0,13
"510";"Kris Chucko";NA;NA;NA;2;NA;NA;NA;NA;0,12;1,14;0,85;6,32;0,06;0,43;0,57;3,16;NA;NA
"511";"Kris Draper";"C";36;2,13;78;9;8;-2;17;10,23;57,12;75,01;396,39;0,13;0,96;0,73;5,08;-0,03;0,22
"512";"Kris Letang";"D";20;0,65;74;6;11;-1;17;33,36;94,4;176,37;497,36;0,45;2,38;1,28;6,72;-0,01;0,23
"513";"Kris Newbury";"C";25;0,17;1;1;1;-7;2;0,41;5,9;0,4;5,79;0,41;0,4;5,9;5,79;-7;2
"514";"Kris Russell";"D";20;0,75;66;2;8;-12;10;16,84;64,76;104,41;393,16;0,26;1,58;0,98;5,96;-0,18;0,15
"515";"Kris Versteeg";"LW";21;0,1;78;2;2;-1;4;26,46;90,22;122,3;421,86;0,34;1,57;1,16;5,41;-0,01;0,05
"516";"Kristian Huselius";"LW";29;1,4;74;25;41;10;66;32,63;100,63;148,57;455,1;0,44;2,01;1,36;6,15;0,14;0,89
"517";"Krys Barch";"RW";27;0,48;72;1;2;-3;3;15,64;154,14;49,66;450,26;0,22;0,69;2,14;6,25;-0,04;0,04
"518";"Krys Kolanos";NA;NA;NA;21;NA;NA;NA;NA;4,92;23,48;23,55;118,52;0,23;1,12;1,12;5,64;NA;NA
"519";"Kurt Sauer";"D";26;0,72;67;1;5;17;6;15,88;46,52;114,67;338,37;0,24;1,71;0,69;5,05;0,25;0,09
"520";"Kurtis Foster";"D";26;1,02;10;7;12;0;19;4,12;19,03;13,64;57,52;0,41;1,36;1,9;5,75;0;1,9
"521";"Kurtis McLean";NA;NA;NA;4;NA;NA;NA;NA;0,41;2,63;3,44;19,59;0,1;0,86;0,66;4,9;NA;NA
"522";"Kyle Brodziak";"C";23;0,5;79;14;17;-6;31;13,75;64,94;90,51;440,27;0,17;1,15;0,82;5,57;-0,08;0,39
"523";"Kyle Calder";"LW";28;2,7;74;7;13;-11;20;15,01;68,85;95,77;422,51;0,2;1,29;0,93;5,71;-0,15;0,27
"524";"Kyle Cumiskey";"D";21;0,5;6;0;5;-3;5;1,6;9,1;6,99;49,25;0,27;1,16;1,52;8,21;-0,5;0,83
"525";"Kyle Chipchura";"C";21;0,49;13;4;7;-1;11;1,1;7,72;8,91;55,13;0,08;0,69;0,59;4,24;-0,08;0,85
"526";"Kyle Greentree";"LW";24;0,02;2;0;0;-1;0;0,26;1,25;1,6;7,63;0,13;0,8;0,62;3,81;-0,5;0
"527";"Kyle Okposo";"RW";19;0,17;65;2;3;3;5;29,64;98,75;117,1;389,52;0,46;1,8;1,52;5,99;0,05;0,08
"528";"Kyle Quincey";"D";22;0,1;72;0;0;-3;0;29,73;86,83;163,6;475,73;0,41;2,27;1,21;6,61;-0,04;0
"529";"Kyle Turris";"C";18;0,09;62;0;1;-5;1;18,16;78,79;80,69;365,92;0,29;1,3;1,27;5,9;-0,08;0,02
"530";"Kyle Wellwood";"C";24;0,95;73;8;13;-12;21;17,82;76,16;99,45;427,53;0,24;1,36;1,04;5,86;-0,16;0,29
"531";"Ladislav Smid";"D";21;0,62;60;0;4;-15;4;15,32;63,13;85,87;337,61;0,26;1,43;1,05;5,63;-0,25;0,07
"532";"Landon Wilson";NA;NA;NA;27;NA;NA;NA;NA;7,36;58,69;29,2;211,18;0,27;1,08;2,17;7,82;NA;NA
"533";"Lasse Kukkonen";"D";26;0,85;22;1;4;3;5;5,68;37,49;28,98;159,88;0,26;1,32;1,7;7,27;0,14;0,23
"534";"Lauri Korpikoski";NA;NA;NA;68;NA;NA;NA;NA;12,67;70,3;66,79;373,59;0,19;0,98;1,03;5,49;NA;NA
"535";"Lawrence Nycholat";"D";28;0,02;19;0;0;1;0;3,19;20,55;15,72;82,12;0,17;0,83;1,08;4,32;0,05;0
"536";"Lee Stempniak";"RW";24;1,5;75;13;25;0;38;28,09;100,41;135,46;483,64;0,37;1,81;1,34;6,45;0;0,51
"537";"Liam Reddox";"LW";21;0,02;46;0;0;-1;0;9,33;56,87;48,33;285,8;0,2;1,05;1,24;6,21;-0,02;0
"538";"Loui Eriksson";"LW";22;0,7;82;14;17;5;31;30,92;94,6;168,17;518,02;0,38;2,05;1,15;6,32;0,06;0,38
"539";"Lubomir Visnovsky";"D";31;2,05;50;8;33;-18;41;25,05;65,38;130,66;341,06;0,5;2,61;1,31;6,82;-0,36;0,82
"540";"Luca Caputi";NA;NA;NA;5;NA;NA;NA;NA;0,66;3,66;4,38;24,17;0,13;0,88;0,73;4,83;NA;NA
"541";"Luca Sbisa";NA;NA;NA;39;NA;NA;NA;NA;14,72;47,93;77,83;248,97;0,38;2;1,23;6,38;NA;NA
"542";"Lukas Kaspar";"LW";22;0,06;13;0;0;-2;0;1,71;12,73;15,13;104,15;0,13;1,16;0,98;8,01;-0,15;0
"543";"Lukas Krajicek";"D";24;1,1;71;2;9;-3;11;20,8;65,95;132,81;410,75;0,29;1,87;0,93;5,79;-0,04;0,15
"544";"Luke Richardson";"D";38;0,5;2;2;7;1;9;0,28;1,43;2,28;11,41;0,14;1,14;0,71;5,71;0,5;4,5
"545";"Luke Schenn";NA;NA;NA;69;NA;NA;NA;NA;36,32;100,77;159,87;442,27;0,53;2,32;1,46;6,41;NA;NA
"546";"Maksim Mayorov";NA;NA;NA;3;NA;NA;NA;NA;0;0;1,69;14,27;0;0,56;0;4,76;NA;NA
"547";"Manny Fernandez";"G";33;4,5;28;0;0;0;0;1,14;1,13;160,09;162,47;0,04;5,72;0,04;5,8;0;0
"548";"Manny Legace";"G";34;1,8;29;0;2;0;2;0,13;0,13;140,69;168;0;4,85;0;5,79;0;0,07
"549";"Manny Malhotra";"C";27;1,2;77;11;18;-2;29;8,19;24,98;124,08;427,58;0,11;1,61;0,32;5,55;-0,03;0,38
"550";"Marc-Andre Bergeron";"D";27;1,2;72;9;10;-16;19;19,83;69,14;130,62;462,07;0,28;1,81;0,96;6,42;-0,22;0,26
"551";"Marc-Andre Fleury";"G";23;1,6;62;0;1;0;1;2,87;2,87;375,41;385,18;0,05;6,06;0,05;6,21;0;0,02
"552";"Marc-Andre Gragnani";"D";20;0,02;4;0;0;-2;0;0,75;2,83;5,19;18,67;0,19;1,3;0,71;4,67;-0,5;0
"553";"Marc-Antoine Pouliot";NA;NA;NA;63;NA;NA;NA;NA;16,24;77,14;76,66;392,56;0,26;1,22;1,22;6,23;NA;NA
"554";"Marc-Edouard Vlasic";"D";20;1,08;82;2;12;-12;14;24,79;62,1;185,4;464,6;0,3;2,26;0,76;5,67;-0,15;0,17
"555";"Marc Denis";"G";30;1,38;1;0;0;0;0;0;0;1,09;3,26;0;1,09;0;3,26;0;0
"556";"Marc Methot";"D";22;0,13;66;0;0;-1;0;21,25;68,6;117,73;392,19;0,32;1,78;1,04;5,94;-0,02;0
"557";"Marc Savard";"C";30;5;81;15;63;3;78;20,98;65,37;165,47;512,31;0,26;2,04;0,81;6,32;0,04;0,96
"558";"Marc Staal";"D";20;0,85;82;2;8;2;10;29,92;87,73;174,86;501,8;0,36;2,13;1,07;6,12;0,02;0,12
"559";"Marcel Goc";"C";24;0,8;55;5;3;-15;8;15,65;65,63;76,38;326,55;0,28;1,39;1,19;5,94;-0,27;0,15
"560";"Marco Sturm";"LW";29;3,5;18;27;29;11;56;5,2;23,87;27,35;101,92;0,29;1,52;1,33;5,66;0,61;3,11
"561";"Marek Malik";"D";32;2,5;42;2;8;7;10;8,31;24,94;83,22;263,3;0,2;1,98;0,59;6,27;0,17;0,24
"562";"Marek Schwarz";"G";21;0,1;1;0;0;0;0;0;0;1,1;-Inf;0;1,1;0;-Inf;0;0
"563";"Marek Svatos";"RW";25;1,2;69;26;11;13;37;19,28;88,96;89,87;416,73;0,28;1,3;1,29;6,04;0,19;0,54
"564";"Marek Zidlicky";"D";30;3,2;76;5;38;-5;43;32,92;89,29;159,88;430,88;0,43;2,1;1,17;5,67;-0,07;0,57
"565";"Marian Gaborik";"RW";25;6,5;17;42;41;17;83;9,01;27,47;37,54;116,44;0,53;2,21;1,62;6,85;1;4,88
"566";"Marian Hossa";"RW";28;7;73;29;37;-14;66;42,24;160,34;139,52;486,63;0,58;1,91;2,2;6,67;-0,19;0,9
"567";"Mark Eaton";"D";30;1,6;68;0;3;6;3;16,69;56,04;112,82;377,69;0,25;1,66;0,82;5,55;0,09;0,04
"568";"Mark Fistric";"D";21;0,44;36;0;2;3;2;14,01;49,98;58,03;211,71;0,39;1,61;1,39;5,88;0,08;0,06
"569";"Mark Giordano";NA;NA;NA;57;NA;NA;NA;NA;17,64;65,21;110,1;390,15;0,31;1,93;1,14;6,84;NA;NA
"570";"Mark Mancari";NA;NA;NA;7;NA;NA;NA;NA;2,46;12,33;8,63;41,39;0,35;1,23;1,76;5,91;NA;NA
"571";"Mark Parrish";"RW";30;2,65;44;16;14;2;30;10,08;55,88;56,42;308,41;0,23;1,28;1,27;7,01;0,05;0,68
"572";"Mark Recchi";"RW";39;1,75;80;14;34;-18;48;19,86;69,25;126,92;453,42;0,25;1,59;0,87;5,67;-0,22;0,6
"573";"Mark Streit";"D";30;0,6;74;13;49;-6;62;39,38;97,6;206,59;504,31;0,53;2,79;1,32;6,81;-0,08;0,84
"574";"Mark Stuart";"D";23;1,58;81;4;4;2;8;21,2;75,43;129,57;478,71;0,26;1,6;0,93;5,91;0,02;0,1
"575";"Markus Naslund";"LW";34;6;82;25;30;-7;55;36,83;127,51;156;549,25;0,45;1,9;1,56;6,7;-0,09;0,67
"576";"Martin Biron";"G";30;3,5;55;0;1;0;1;4,42;4,76;343,79;362,57;0,08;6,25;0,09;6,59;0;0,02
"577";"Martin Brodeur";"G";35;5,2;31;0;4;0;4;1,26;1,23;180,22;187,67;0,04;5,81;0,04;6,05;0;0,13
"578";"Martin Erat";"LW";26;1,75;71;23;34;-3;57;28,1;88,43;135,5;432,05;0,4;1,91;1,25;6,09;-0,04;0,8
"579";"Martin Gerber";"G";33;3,7;26;0;2;0;2;2,7;2,73;155,68;158,05;0,1;5,99;0,11;6,08;0;0,08
"580";"Martin Hanzal";"LW";20;0,98;73;8;27;-7;35;26,1;95,42;109,13;413,92;0,36;1,49;1,31;5,67;-0,1;0,48
"581";"Martin Havlat";"LW";26;6;81;10;17;4;27;33,38;116,01;145,5;499,92;0,41;1,8;1,43;6,17;0,05;0,33
"582";"Martin Skoula";"D";28;1,7;81;3;8;-16;11;15,64;45,62;140,33;402,97;0,19;1,73;0,56;4,97;-0,2;0,14
"583";"Martin St Pierre";NA;NA;NA;14;NA;NA;NA;NA;3,24;14,32;16,05;81,13;0,23;1,15;1,02;5,79;NA;NA
"584";"Martin St. Louis";"RW";32;6;82;25;58;-23;83;47,82;135,55;204,19;569,06;0,58;2,49;1,65;6,94;-0,28;1,01
"585";"Martins Karsums";NA;NA;NA;24;NA;NA;NA;NA;5,05;24,84;26,19;134,66;0,21;1,09;1,03;5,61;NA;NA
"586";"Marty Reasoner";"C";30;0,95;78;11;14;-17;25;13,36;58,35;104,5;425,75;0,17;1,34;0,75;5,46;-0,22;0,32
"587";"Marty Turco";"G";32;5,7;74;0;3;0;3;6,24;6,48;454,18;467,39;0,08;6,14;0,09;6,32;0;0,04
"588";"Mason Raymond";"LW";22;0,66;71;9;12;1;21;20,16;81,68;89,27;376,19;0,28;1,26;1,15;5,3;0,01;0,3
"589";"Mathieu Dandenault";"D";31;1,75;41;9;5;-11;14;9,44;46,26;51,82;256,13;0,23;1,26;1,13;6,25;-0,27;0,34
"590";"Mathieu Garon";"G";29;1,2;19;0;0;0;0;0,75;0,81;106,78;119,79;0,04;5,62;0,04;6,3;0;0
"591";"Mathieu Schneider";"D";38;5,5;67;12;27;22;39;28,91;83,2;143,2;402,4;0,43;2,14;1,24;6,01;0,33;0,58
"592";"Mats Sundin";"C";36;5,5;40;32;46;17;78;8,34;30,19;62,13;223,31;0,21;1,55;0,75;5,58;0,42;1,95
"593";"Matt Beleskey";NA;NA;NA;2;NA;NA;NA;NA;0;0,02;1,3;5,83;0;0,65;0,01;2,92;NA;NA
"594";"Matt Bradley";"RW";29;0,7;81;7;11;1;18;20,94;116,84;95,26;526,49;0,26;1,18;1,44;6,5;0,01;0,22
"595";"Matt Carkner";NA;NA;NA;1;NA;NA;NA;NA;0,04;0,47;1,17;15,33;0,04;1,17;0,47;15,33;NA;NA
"596";"Matt Climie";NA;NA;NA;3;NA;NA;NA;NA;0,1;0,1;17,24;16,92;0,03;5,75;0,03;5,64;NA;NA
"597";"Matt Cooke";"LW";29;1,52;76;10;13;1;23;36,32;185,57;117,48;500,05;0,48;1,55;2,44;6,58;0,01;0,3
"598";"Matt Cullen";"C";31;2,8;68;13;36;2;49;22,19;77,52;112,81;397,76;0,33;1,66;1,14;5,85;0,03;0,72
"599";"Matt D'Agostini";"RW";21;0;53;0;0;0;0;15,6;73,14;67,29;311,31;0,29;1,27;1,38;5,87;0;0
"600";"Matt Ellis";"C";26;0,48;45;3;5;3;8;8,28;59,3;38,15;267,3;0,18;0,85;1,32;5,94;0,07;0,18
"601";"Matt Greene";"D";24;1,05;82;0;1;-3;1;36,59;106,33;165,43;490,97;0,45;2,02;1,3;5,99;-0,04;0,01
"602";"Matt Halischuk";NA;NA;NA;1;NA;NA;NA;NA;0;0;0,46;3,29;0;0,46;0;3,29;NA;NA
"603";"Matt Hendricks";NA;NA;NA;4;NA;NA;NA;NA;1,01;6,54;4,23;28,33;0,25;1,06;1,64;7,08;NA;NA
"604";"Matt Hunwick";"D";22;0,17;52;0;1;-1;1;15,07;51,97;93,24;316,41;0,29;1,79;1;6,08;-0,02;0,02
"605";"Matt Lashoff";"D";21;0,19;28;1;4;-2;5;4,68;14,88;54,69;175,66;0,17;1,95;0,53;6,27;-0,07;0,18
"606";"Matt Moulson";"LW";24;0,12;7;5;4;2;9;1,73;6,49;10;39,96;0,25;1,43;0,93;5,71;0,29;1,29
"607";"Matt Niskanen";"D";21;0,85;80;7;19;22;26;20,75;59,86;159,83;478,1;0,26;2;0,75;5,98;0,28;0,32
"608";"Matt Pelech";NA;NA;NA;5;NA;NA;NA;NA;0,99;5,69;7,07;33,41;0,2;1,41;1,14;6,68;NA;NA
"609";"Matt Pettinger";"LW";27;1;59;6;7;-11;13;14,98;71,27;68,38;333,19;0,25;1,16;1,21;5,65;-0,19;0,22
"610";"Matt Smaby";"D";23;0,24;43;0;0;-6;0;18,92;61,4;76,82;242,8;0,44;1,79;1,43;5,65;-0,14;0
"611";"Matt Stajan";"C";24;0,95;75;16;17;-11;33;16,28;59,23;140,15;500,1;0,22;1,87;0,79;6,67;-0,15;0,44
"612";"Matt Walker";"D";27;0,6;65;1;1;-3;2;21,32;73,79;107,9;374,73;0,33;1,66;1,14;5,77;-0,05;0,03
"613";"Matthew Carle";NA;NA;NA;76;NA;NA;NA;NA;24,56;69,08;175,12;490,33;0,32;2,3;0,91;6,45;NA;NA
"614";"Matthew Lombardi";"C";25;1,55;67;14;22;-6;36;22,59;75,55;110,92;374,38;0,34;1,66;1,13;5,59;-0,09;0,54
"615";"Mattias Ohlund";"D";31;3,38;81;9;15;-1;24;44,34;120,79;173,75;474,06;0,55;2,15;1,49;5,85;-0,01;0,3
"616";"Max Pacioretty";NA;NA;NA;34;NA;NA;NA;NA;11,37;47,99;46,73;214,8;0,33;1,37;1,41;6,32;NA;NA
"617";"Maxim Afinogenov";"RW";28;3,5;48;10;18;-16;28;14,03;67,7;70,73;317,2;0,29;1,47;1,41;6,61;-0,33;0,58
"618";"Maxim Lapierre";"C";22;0,39;79;7;11;5;18;28,51;113,18;133,17;528,06;0,36;1,69;1,43;6,68;0,06;0,23
"619";"Maxime Talbot";NA;NA;NA;75;NA;NA;NA;NA;18,47;75,6;106,73;457,11;0,25;1,42;1,01;6,09;NA;NA
"620";"Michael Frolik";NA;NA;NA;79;NA;NA;NA;NA;27,42;106,46;127,73;499,13;0,35;1,62;1,35;6,32;NA;NA
"621";"Michael Grier";NA;NA;NA;62;NA;NA;NA;NA;25,43;100,47;93,14;372,58;0,41;1,5;1,62;6,01;NA;NA
"622";"Michael Leighton";"G";26;0,05;19;0;0;0;0;0,91;0,9;100,71;111,29;0,05;5,3;0,05;5,86;0;0
"623";"Michael Nylander";"C";35;5,5;72;11;26;-19;37;12,96;56,78;111,65;485,46;0,18;1,55;0,79;6,74;-0,26;0,51
"624";"Michael Peca";"C";33;1,92;71;8;26;-1;34;11,61;54,63;106,15;457,17;0,16;1,5;0,77;6,44;-0,01;0,48
"625";"Michael Ryan";"C";27;0,48;18;4;4;-4;8;3,48;30,09;16,43;121,9;0,19;0,91;1,67;6,77;-0,22;0,44
"626";"Michael Ryder";"RW";27;2,95;73;14;17;-4;31;27,83;114,86;115,61;467,33;0,38;1,58;1,57;6,4;-0,05;0,42
"627";"Michael Sauer";NA;NA;NA;3;NA;NA;NA;NA;0,47;7,32;2,6;17,95;0,16;0,87;2,44;5,98;NA;NA
"628";"Michael Zigomanis";NA;NA;NA;22;NA;NA;NA;NA;1,17;9,75;22,09;128,56;0,05;1;0,44;5,84;NA;NA
"629";"Michal Handzus";"C";30;4;82;7;14;-21;21;17,19;59,18;142,06;478,24;0,21;1,73;0,72;5,83;-0,26;0,26
"630";"Michal Neuvirth";NA;NA;NA;5;NA;NA;NA;NA;0,28;0,28;30,4;50,87;0,06;6,08;0,06;10,17;NA;NA
"631";"Michal Repik";NA;NA;NA;5;NA;NA;NA;NA;1,92;18,75;3,05;28,78;0,38;0,61;3,75;5,76;NA;NA
"632";"Michal Rozsival";"D";29;2,3;76;13;25;0;38;29,99;81,15;184,26;502,51;0,39;2,42;1,07;6,61;0;0,5
"633";"Michel Ouellet";"LW";25;1,2;3;17;19;11;36;0,61;3,42;4,45;26,27;0,2;1,48;1,14;8,76;3,67;12
"634";"Miikka Kiprusoff";"G";31;3,6;76;0;2;0;2;3,03;3,31;462,4;476,85;0,04;6,08;0,04;6,27;0;0,03
"635";"Mikael Backlund";NA;NA;NA;1;NA;NA;NA;NA;0,08;0,42;0,58;3,18;0,08;0,58;0,42;3,18;NA;NA
"636";"Mikael Samuelsson";"RW";31;1,2;80;11;29;21;40;37,63;145,71;134,28;523,48;0,47;1,68;1,82;6,54;0,26;0,5
"637";"Mikael Tellqvist";"G";28;0,8;21;0;1;0;1;0,02;0,02;100,72;130,52;0;4,8;0;6,22;0;0,05
"638";"Mike Brown";"RW";22;0,17;48;1;0;-2;1;16,69;169,61;41,32;333,62;0,35;0,86;3,53;6,95;-0,04;0,02
"639";"Mike Cammalleri";"C";25;3,1;80;19;28;-16;47;34,83;120,21;147,85;504,35;0,44;1,85;1,5;6,3;-0,2;0,59
"640";"Mike Commodore";"D";28;1,3;81;3;11;-7;14;39,76;105,67;182,87;482,97;0,49;2,26;1,3;5,96;-0,09;0,17
"641";"Mike Comrie";"C";27;3,38;62;21;28;-21;49;17,13;63,73;92,94;343,81;0,28;1,5;1,03;5,55;-0,34;0,79
"642";"Mike Fisher";"C";27;1,5;78;23;24;-10;47;27,62;92,77;135,36;450,81;0,35;1,74;1,19;5,78;-0,13;0,6
"643";"Mike Green";"D";22;0,85;68;18;38;6;56;46,41;106,62;214,33;493,09;0,68;3,15;1,57;7,25;0,09;0,82
"644";"Mike Iggulden";"C";25;0;11;0;0;-1;0;2,99;14,78;15,58;79,77;0,27;1,42;1,34;7,25;-0,09;0
"645";"Mike Knuble";"RW";35;2,8;82;29;26;-3;55;35;119,42;155,5;524,07;0,43;1,9;1,46;6,39;-0,04;0,67
"646";"Mike Komisarek";"D";25;1,5;66;4;13;9;17;40,19;119,69;143,78;422,14;0,61;2,18;1,81;6,4;0,14;0,26
"647";"Mike Lundin";"D";23;0,64;25;0;6;3;6;4,91;16,53;31,03;112,98;0,2;1,24;0,66;4,52;0,12;0,24
"648";"Mike McKenna";NA;NA;NA;15;NA;NA;NA;NA;0,08;0,09;74,99;87,29;0,01;5;0,01;5,82;NA;NA
"649";"Mike Modano";"C";37;4,25;80;21;36;-11;57;30,31;104,36;147,52;504,3;0,38;1,84;1,3;6,3;-0,14;0,71
"650";"Mike Mottau";"D";29;0,48;80;4;13;-11;17;18,08;60,17;145,7;480,88;0,23;1,82;0,75;6,01;-0,14;0,21
"651";"Mike Ribeiro";"C";27;2,8;82;27;56;21;83;37,35;104,47;188,65;525,19;0,46;2,3;1,27;6,4;0,26;1,01
"652";"Mike Richards";"C";22;0,94;79;28;47;14;75;38,7;112,88;185,31;528,31;0,49;2,35;1,43;6,69;0,18;0,95
"653";"Mike Rupp";"RW";27;0,5;72;3;6;-8;9;24,52;188,26;73,94;517,7;0,34;1,03;2,61;7,19;-0,11;0,12
"654";"Mike Santorelli";NA;NA;NA;7;NA;NA;NA;NA;0,92;3,96;7,28;34,45;0,13;1,04;0,57;4,92;NA;NA
"655";"Mike Sillinger";"C";36;2,2;7;14;12;-10;26;2,86;12,35;9,92;43,25;0,41;1,42;1,76;6,18;-1,43;3,71
"656";"Mike Smith";"G";25;0,95;41;0;1;0;1;2,36;2,31;249,19;248,01;0,06;6,08;0,06;6,05;0;0,02
"657";"Mike Van Ryn";"D";28;3,2;27;0;2;-2;2;11,28;33,12;55,82;175,26;0,42;2,07;1,23;6,49;-0,07;0,07
"658";"Mike Vernace";NA;NA;NA;12;NA;NA;NA;NA;2,98;9,41;22,92;68,94;0,25;1,91;0,78;5,74;NA;NA
"659";"Mike Weaver";"D";29;0,6;58;0;1;1;1;12,87;41,7;98,59;322,3;0,22;1,7;0,72;5,56;0,02;0,02
"660";"Mike Weber";"D";20;0,13;7;0;3;12;3;2,44;10,63;7,75;32,88;0,35;1,11;1,52;4,7;1,71;0,43
"661";"Mike York";"LW";29;1;1;6;8;-8;14;0,22;0,8;1,3;4,77;0,22;1,3;0,8;4,77;-8;14
"662";"Mikhail Grabovski";"C";23;0,4;77;3;6;-4;9;25,16;92,08;131,5;484,21;0,33;1,71;1,2;6,29;-0,05;0,12
"663";"Mikkel Boedker";NA;NA;NA;77;NA;NA;NA;NA;19,75;77,38;112,05;428,04;0,26;1,46;1;5,56;NA;NA
"664";"Mikko Koivu";"C";24;2,7;79;11;31;13;42;27,78;79,6;152,03;441,92;0,35;1,92;1,01;5,59;0,16;0,53
"665";"Mikko Lehtonen";NA;NA;NA;1;NA;NA;NA;NA;0,11;0,4;1,52;5,46;0,11;1,52;0,4;5,46;NA;NA
"666";"Milan Hejduk";"RW";31;4;82;29;25;8;54;36,6;116,34;154,82;479,37;0,45;1,89;1,42;5,85;0,1;0,66
"667";"Milan Jurcina";"D";24;0,85;79;1;8;4;9;32,74;119,61;142,76;523,51;0,41;1,81;1,51;6,63;0,05;0,11
"668";"Milan Lucic";"LW";19;0,85;71;8;19;-2;27;37,68;146,8;123,68;478,16;0,53;1,74;2,07;6,73;-0,03;0,38
"669";"Milan Michalek";"LW";23;0,94;77;24;31;19;55;30,82;102,48;139,55;457,99;0,4;1,81;1,33;5,95;0,25;0,71
"670";"Miroslav Satan";"RW";33;4,5;65;16;25;-11;41;16,35;62,8;103,64;400,35;0,25;1,59;0,97;6,16;-0,17;0,63
"671";"Mitchell Fritz";NA;NA;NA;19;NA;NA;NA;NA;2,93;64,31;8,26;184,18;0,15;0,43;3,38;9,69;NA;NA
"672";"Nate Guenin";"D";25;0,05;1;0;0;2;0;-0,08;-0,42;0,19;1,03;-0,08;0,19;-0,42;1,03;2;0
"673";"Nate Raduns";NA;NA;NA;1;NA;NA;NA;NA;0,13;1,08;0,49;3,92;0,13;0,49;1,08;3,92;NA;NA
"674";"Nate Thompson";NA;NA;NA;43;NA;NA;NA;NA;6,6;36,29;50,04;254,47;0,15;1,16;0,84;5,92;NA;NA
"675";"Nathan Gerbe";NA;NA;NA;10;NA;NA;NA;NA;3,98;17,51;12,44;51,02;0,4;1,24;1,75;5,1;NA;NA
"676";"Nathan Horton";"C";22;3;67;27;35;15;62;25,78;90,53;122,29;420,6;0,38;1,83;1,35;6,28;0,22;0,93
"677";"Nathan McIver";"D";22;0,15;18;0;0;-8;0;3,9;22,34;18,4;122,63;0,22;1,02;1,24;6,81;-0,44;0
"678";"Nathan Oystrick";NA;NA;NA;52;NA;NA;NA;NA;19,79;75,36;97,04;361,03;0,38;1,87;1,45;6,94;NA;NA
"679";"Nathan Paetsch";"D";24;0,7;23;2;7;3;9;4,92;24,68;25,13;115,63;0,21;1,09;1,07;5,03;0,13;0,39
"680";"Nick Boynton";"D";28;2,9;68;3;9;-9;12;26,69;91,09;124,75;427,04;0,39;1,83;1,34;6,28;-0,13;0,18
"681";"Nick Foligno";"LW";20;0,56;81;6;3;0;9;19,98;87,54;108;477,36;0,25;1,33;1,08;5,89;0;0,11
"682";"Nick Schultz";"D";25;1,85;79;2;13;9;15;19,36;58,04;112,4;337,52;0,25;1,42;0,73;4,27;0,11;0,19
"683";"Nick Tarnasky";"C";23;0,5;45;6;4;-15;10;9,19;77,61;30,07;244,51;0,2;0,67;1,72;5,43;-0,33;0,22
"684";"Nicklas Backstrom";"C";20;2,4;82;14;55;13;69;37,12;111,83;214,19;630,43;0,45;2,61;1,36;7,69;0,16;0,84
"685";"Nicklas Grossmann";NA;NA;NA;81;NA;NA;NA;NA;25,84;86,13;152,24;516,67;0,32;1,88;1,06;6,38;NA;NA
"686";"Nicklas Lidstrom";"D";37;7,6;77;10;60;40;70;33,98;88,13;185,61;474,97;0,44;2,41;1,14;6,17;0,52;0,91
"687";"Niclas Bergfors";NA;NA;NA;8;NA;NA;NA;NA;0,75;5,11;4,85;46,46;0,09;0,61;0,64;5,81;NA;NA
"688";"Niclas Havelid";"D";34;2,7;77;1;13;2;14;24,13;70,42;140,17;409,47;0,31;1,82;0,91;5,32;0,03;0,18
"689";"Niclas Wallin";"D";32;1,73;63;2;6;-18;8;19,96;72,35;95,05;356,83;0,32;1,51;1,15;5,66;-0,29;0,13
"690";"Nigel Dawes";"LW";22;0,36;62;14;15;11;29;19,71;88,32;82,43;371,3;0,32;1,33;1,42;5,99;0,18;0,47
"691";"Nik Antropov";"C";27;1,87;80;26;30;10;56;34,95;125,3;153,64;539,75;0,44;1,92;1,57;6,75;0,12;0,7
"692";"Nikita Filatov";NA;NA;NA;8;NA;NA;NA;NA;2,35;13,22;7,21;60,45;0,29;0,9;1,65;7,56;NA;NA
"693";"Niklas Backstrom";"G";29;3,1;71;0;0;0;0;4,61;5,22;373,02;384,31;0,06;5,25;0,07;5,41;0;0
"694";"Niklas Hagman";"LW";28;0,68;64;27;14;4;41;19,49;69,41;112,08;381,33;0,3;1,75;1,08;5,96;0,06;0,64
"695";"Niklas Hjalmarsson";"D";20;0,13;21;0;1;-2;1;3,27;11,01;26,9;107,69;0,16;1,28;0,52;5,13;-0,1;0,05
"696";"Niklas Kronwall";"D";26;1,5;79;7;28;25;35;31,81;84,36;187,36;487,72;0,4;2,37;1,07;6,17;0,32;0,44
"697";"Nikolai Khabibulin";"G";34;6,75;42;0;2;0;2;1,18;1,15;237,88;242,1;0,03;5,66;0,03;5,76;0;0,05
"698";"Nikolay Kulemin";NA;NA;NA;72;NA;NA;NA;NA;20,09;85,02;103,71;443,44;0,28;1,44;1,18;6,16;NA;NA
"699";"Nikolay Zherdev";NA;NA;NA;82;NA;NA;NA;NA;37,57;133,72;165,89;579,38;0,46;2,02;1,63;7,07;NA;NA
"700";"Noah Welch";"D";25;0,55;40;0;0;1;0;9,5;52,52;48,47;259,97;0,24;1,21;1,31;6,5;0,02;0
"701";"Ole-Kristian Tollefsen";"D";23;0,6;19;2;2;-3;4;4,55;26,48;24,37;129,26;0,24;1,28;1,39;6,8;-0,16;0,21
"702";"Olie Kolzig";NA;NA;NA;8;NA;NA;NA;NA;1,46;1,7;31,83;36,45;0,18;3,98;0,21;4,56;NA;NA
"703";"Olli Jokinen";"C";29;5,25;76;34;37;-19;71;32,94;103,96;146,8;473,2;0,43;1,93;1,37;6,23;-0,25;0,93
"704";"Ondrej Pavelec";"G";20;0,33;12;0;0;0;0;0,13;0,13;55,85;68,79;0,01;4,65;0,01;5,73;0;0
"705";"Oscar Moller";NA;NA;NA;40;NA;NA;NA;NA;10,81;49,62;56,21;251,95;0,27;1,41;1,24;6,3;NA;NA
"706";"Oskar Osala";NA;NA;NA;2;NA;NA;NA;NA;0,1;0,58;1,15;7,47;0,05;0,58;0,29;3,74;NA;NA
"707";"Ossi Vaananen";NA;NA;NA;49;NA;NA;NA;NA;13,19;47,81;76,92;263,45;0,27;1,57;0,98;5,38;NA;NA
"708";"Owen Nolan";"RW";35;1,75;59;16;16;6;32;23;86,31;86,17;319,63;0,39;1,46;1,46;5,42;0,1;0,54
"709";"P.J. Axelsson";"LW";32;1,85;74;13;16;11;29;20,25;79,55;101,7;398,61;0,27;1,37;1,07;5,39;0,15;0,39
"710";"Pascal Dupuis";"LW";28;0,88;71;12;15;0;27;23,85;96,21;107,05;438,94;0,34;1,51;1,36;6,18;0;0,38
"711";"Pascal Leclaire";"G";25;1,4;12;0;2;0;2;0,12;0,11;72,73;78,18;0,01;6,06;0,01;6,52;0;0,17
"712";"Pascal Pelletier";"C";24;0,04;7;0;0;-2;0;1,4;8,27;5,84;36,75;0,2;0,83;1,18;5,25;-0,29;0
"713";"Patric Hornqvist";NA;NA;NA;28;NA;NA;NA;NA;8,16;43,41;34,16;176,47;0,29;1,22;1,55;6,3;NA;NA
"714";"Patrice Bergeron";"C";22;5;63;3;4;2;7;14,79;52,12;96,72;343,86;0,23;1,54;0,83;5,46;0,03;0,11
"715";"Patrice Brisebois";"D";36;1,4;62;3;8;-2;11;14,28;55,14;107,48;399,82;0,23;1,73;0,89;6,45;-0,03;0,18
"716";"Patrick Davis";NA;NA;NA;1;NA;NA;NA;NA;0,01;0,13;0,17;1,86;0,01;0,17;0,13;1,86;NA;NA
"717";"Patrick Dwyer";NA;NA;NA;12;NA;NA;NA;NA;1,65;9,86;9,87;69,07;0,14;0,82;0,82;5,76;NA;NA
"718";"Patrick Eaves";"RW";23;0,94;74;5;10;-2;15;20,45;109,83;78,11;411,08;0,28;1,06;1,48;5,56;-0,03;0,2
"719";"Patrick Kaleta";"RW";21;0,22;51;3;2;1;5;19,2;133,84;52,22;337,44;0,38;1,02;2,62;6,62;0,02;0,1
"720";"Patrick Kane";"RW";19;3,73;80;21;51;-5;72;28,44;91,75;153,81;489,32;0,36;1,92;1,15;6,12;-0,06;0,9
"721";"Patrick Lalime";"G";33;0,95;24;0;0;0;0;1,24;1,4;122,4;132,4;0,05;5,1;0,06;5,52;0;0
"722";"Patrick Marleau";"LW";28;4,5;76;19;29;-19;48;37,14;105,52;168,87;482,86;0,49;2,22;1,39;6,35;-0,25;0,63
"723";"Patrick O'Sullivan";"LW";22;0,85;81;22;31;-8;53;36,53;111,15;166,86;513,05;0,45;2,06;1,37;6,33;-0,1;0,65
"724";"Patrick Rissmiller";NA;NA;NA;2;NA;NA;NA;NA;0,85;3,91;1,41;8,82;0,42;0,71;1,96;4,41;NA;NA
"725";"Patrick Sharp";"C";26;0,82;61;36;26;23;62;26,83;95,75;108,1;365,59;0,44;1,77;1,57;5,99;0,38;1,02
"726";"Patrik Berglund";NA;NA;NA;76;NA;NA;NA;NA;17,38;69,43;108,25;443,61;0,23;1,42;0,91;5,84;NA;NA
"727";"Patrik Elias";"C";31;7,5;77;20;35;10;55;31,26;106,65;138,51;471,12;0,41;1,8;1,39;6,12;0,13;0,71
"728";"Paul Bissonnette";NA;NA;NA;15;NA;NA;NA;NA;2,92;48,5;8,25;141,34;0,19;0,55;3,23;9,42;NA;NA
"729";"Paul Gaustad";"C";25;0,75;62;10;26;-4;36;21;80,9;97,98;370,36;0,34;1,58;1,3;5,97;-0,06;0,58
"730";"Paul Kariya";"LW";33;6;11;16;49;-10;65;4,47;13,12;21,7;68,14;0,41;1,97;1,19;6,19;-0,91;5,91
"731";"Paul Mara";"D";28;3;76;1;16;1;17;26,19;86,72;159,85;493,42;0,34;2,1;1,14;6,49;0,01;0,22
"732";"Paul Martin";"D";26;3;73;5;27;20;32;22,76;57,66;155,68;396,03;0,31;2,13;0,79;5,43;0,27;0,44
"733";"Paul Ranger";"D";23;0,75;42;10;21;-13;31;17,6;43,99;92,79;232,28;0,42;2,21;1,05;5,53;-0,31;0,74
"734";"Paul Stastny";"C";22;0,85;45;24;47;22;71;16,2;50,81;85,16;261,82;0,36;1,89;1,13;5,82;0,49;1,58
"735";"Paul Szczechura";NA;NA;NA;31;NA;NA;NA;NA;7,5;31,55;37,4;158,33;0,24;1,21;1,02;5,11;NA;NA
"736";"Pavel Datsyuk";"C";29;6,7;80;31;66;41;97;34,11;103,82;164,43;517,4;0,43;2,06;1,3;6,47;0,51;1,21
"737";"Pavel Kubina";"D";30;5;81;11;29;5;40;36,48;97,3;179,98;475,46;0,45;2,22;1,2;5,87;0,06;0,49
"738";"Pavol Demitra";"C";33;4,5;68;15;39;9;54;19,27;67,19;119,7;413,11;0,28;1,76;0,99;6,08;0,13;0,79
"739";"Pekka Rinne";"G";25;0,04;52;0;0;0;0;3,15;2,72;296,11;304,91;0,06;5,69;0,05;5,86;0;0
"740";"Per Ledin";NA;NA;NA;3;NA;NA;NA;NA;0,79;4,11;2,6;11,65;0,26;0,87;1,37;3,88;NA;NA
"741";"Peter Budaj";"G";25;0,7;56;0;1;0;1;2,26;2,52;310,87;320,05;0,04;5,55;0,05;5,72;0;0,02
"742";"Peter Harrold";"D";24;0,16;69;2;3;3;5;16,82;77,23;93,94;434,85;0,24;1,36;1,12;6,3;0,04;0,07
"743";"Peter Mannino";NA;NA;NA;3;NA;NA;NA;NA;0,05;0,05;11,09;14,65;0,02;3,7;0,02;4,88;NA;NA
"744";"Peter Mueller";"C";19;1,7;71;22;32;-13;54;21,75;82,77;110,53;421,93;0,31;1,56;1,17;5,94;-0,18;0,76
"745";"Peter Olvecky";NA;NA;NA;31;NA;NA;NA;NA;4,33;27,51;23,4;150,41;0,14;0,75;0,89;4,85;NA;NA
"746";"Peter Regin";NA;NA;NA;11;NA;NA;NA;NA;1,96;11,86;12,52;72,18;0,18;1,14;1,08;6,56;NA;NA
"747";"Petr Prucha";"RW";25;1,6;45;7;10;3;17;11,64;46,59;54,68;232,85;0,26;1,22;1,04;5,17;0,07;0,38
"748";"Petr Sykora";"RW";31;2,5;76;28;35;1;63;24,89;91,14;139,74;505,36;0,33;1,84;1,2;6,65;0,01;0,83
"749";"Petr Vrana";NA;NA;NA;16;NA;NA;NA;NA;1,72;16,24;9,88;78,94;0,11;0,62;1,02;4,93;NA;NA
"750";"Petteri Nokelainen";"C";21;0,87;50;7;3;0;10;11,34;63,88;52,64;284,7;0,23;1,05;1,28;5,69;0;0,2
"751";"Phil Kessel";"RW";20;2,2;69;19;18;-6;37;31,24;110,28;127,67;448,44;0,45;1,85;1,6;6,5;-0,09;0,54
"752";"Phil Oreskovic";NA;NA;NA;10;NA;NA;NA;NA;3,55;12,92;16,15;58,53;0,35;1,61;1,29;5,85;NA;NA
"753";"Philippe Boucher";"D";34;2,5;41;2;12;3;14;20,24;59,07;85,75;248,73;0,49;2,09;1,44;6,07;0,07;0,34
"754";"Philippe Dupuis";NA;NA;NA;8;NA;NA;NA;NA;1,58;9,38;6,42;38,48;0,2;0,8;1,17;4,81;NA;NA
"755";"Pierre-Luc Letourneau-Leblond";NA;NA;NA;8;NA;NA;NA;NA;2,12;26,94;5,46;62,86;0,27;0,68;3,37;7,86;NA;NA
"756";"Pierre-Marc Bouchard";"C";23;2,6;71;13;50;11;63;18,8;65,72;118,07;424,89;0,26;1,66;0,93;5,98;0,15;0,89
"757";"Quintin Laing";"LW";28;0,33;1;1;5;4;6;0,24;1,38;0,91;5,23;0,24;0,91;1,38;5,23;4;6
"758";"R.J. Umberger";"C";25;1,25;82;13;37;0;50;33,28;107,54;153,97;499,22;0,41;1,88;1,31;6,09;0;0,61
"759";"Radek Bonk";"C";31;1,35;66;14;15;-31;29;13,4;54,95;98,93;424;0,2;1,5;0,83;6,42;-0,47;0,44
"760";"Radek Dvorak";"RW";30;1,5;81;8;9;-1;17;25,75;93,11;119,63;427,61;0,32;1,48;1,15;5,28;-0,01;0,21
"761";"Radek Martinek";"D";31;0,7;51;0;15;-9;15;20,21;56,68;108,78;297,85;0,4;2,13;1,11;5,84;-0,18;0,29
"762";"Radek Smolenak";NA;NA;NA;6;NA;NA;NA;NA;2,48;16,29;7,34;43,86;0,41;1,22;2,72;7,31;NA;NA
"763";"Radim Vrbata";"RW";26;1,23;18;27;29;6;56;4,85;20,93;25,14;105,18;0,27;1,4;1,16;5,84;0,33;3,11
"764";"Raffi Torres";"LW";26;1,6;51;5;6;-4;11;15,81;76,75;60,81;293,59;0,31;1,19;1,5;5,76;-0,08;0,22
"765";"Raitis Ivanans";"LW";28;0,48;76;6;2;-10;8;13,86;138,79;51,46;512,03;0,18;0,68;1,83;6,74;-0,13;0,11
"766";"Randy Jones";"D";26;0,51;47;5;26;8;31;15,73;50,52;98,64;308,87;0,33;2,1;1,07;6,57;0,17;0,66
"767";"Ray Macias";NA;NA;NA;6;NA;NA;NA;NA;1,17;4,07;9,18;33,91;0,19;1,53;0,68;5,65;NA;NA
"768";"Ray Whitney";"LW";35;3,55;81;25;36;-6;61;28,71;97,01;156,68;518,49;0,35;1,93;1,2;6,4;-0,07;0,75
"769";"Raymond Sawada";NA;NA;NA;5;NA;NA;NA;NA;1,32;8,55;5,12;32,44;0,26;1,02;1,71;6,49;NA;NA
"770";"Rene Bourque";"LW";26;0,9;57;10;14;6;24;27,49;103,42;98,1;366,12;0,48;1,72;1,81;6,42;0,11;0,42
"771";"Rick DiPietro";"G";26;4,5;5;0;6;0;6;1,37;1,38;23,25;27,69;0,27;4,65;0,28;5,54;0;1,2
"772";"Rick Nash";"RW";23;5,5;78;38;31;3;69;48,88;145,11;171,59;498,26;0,63;2,2;1,86;6,39;0,04;0,88
"773";"Rick Rypien";"C";23;0,24;12;1;2;-5;3;4,3;28,82;10,03;66,62;0,36;0,84;2,4;5,55;-0,42;0,25
"774";"Rich Peverley";"C";25;0,18;66;5;5;4;10;20,33;77;106,98;387,09;0,31;1,62;1,17;5,86;0,06;0,15
"775";"Richard Park";"RW";31;0,48;71;12;20;-4;32;17,97;65,09;112,23;398,99;0,25;1,58;0,92;5,62;-0,06;0,45
"776";"Richard Petiot";NA;NA;NA;11;NA;NA;NA;NA;5,74;17,91;23,03;68,69;0,52;2,09;1,63;6,24;NA;NA
"777";"Richard Zednik";"LW";31;1,5;70;15;11;-5;26;26,85;97,01;115,76;426,36;0,38;1,65;1,39;6,09;-0,07;0,37
"778";"Riku Helenius";NA;NA;NA;1;NA;NA;NA;NA;0;0;0,42;3,71;0;0,42;0;3,71;NA;NA
"779";"Riley Armstrong";NA;NA;NA;2;NA;NA;NA;NA;0,02;0,11;1,01;9,68;0,01;0,51;0,05;4,84;NA;NA
"780";"Riley Cote";"LW";25;0,48;63;1;3;2;4;12,1;184,08;36,36;543,95;0,19;0,58;2,92;8,63;0,03;0,06
"781";"Rob Blake";"D";38;6;73;9;22;-19;31;31,98;89,42;147,4;424,43;0,44;2,02;1,22;5,81;-0,26;0,42
"782";"Rob Davison";"D";27;0,52;23;1;1;-6;2;5,81;33,69;23,82;127,01;0,25;1,04;1,46;5,52;-0,26;0,09
"783";"Rob Niedermayer";"C";33;2;79;8;8;1;16;24,91;103,53;96,67;399,85;0,32;1,22;1,31;5,06;0,01;0,2
"784";"Rob Scuderi";"D";29;0,7;81;0;5;3;5;23,17;78,77;146,93;469,09;0,29;1,81;0,97;5,79;0,04;0,06
"785";"Rob Schremp";"C";21;0,02;4;0;0;-1;0;0,85;3,59;4,91;22,15;0,21;1,23;0,9;5,54;-0,25;0
"786";"Robert Lang";"C";37;4;50;21;33;9;54;14,61;53,04;88,86;325,81;0,29;1,78;1,06;6,52;0,18;1,08
"787";"Robert Nilsson";"RW";22;0,92;64;10;31;8;41;14,36;49,69;90,86;339,17;0,22;1,42;0,78;5,3;0,12;0,64
"788";"Roberto Luongo";"G";28;6,5;53;0;3;0;3;0,76;0,76;309,67;327,31;0,01;5,84;0,01;6,18;0;0,06
"789";"Robyn Regehr";"D";27;2,28;74;5;15;11;20;26,99;82,29;139,98;415,38;0,36;1,89;1,11;5,61;0,15;0,27
"790";"Rod Brind'Amour";"C";37;4;79;19;32;0;51;21;64,64;134,29;427,71;0,27;1,7;0,82;5,41;0;0,65
"791";"Roman Hamrlik";"D";33;5,5;81;5;21;7;26;43,22;115,8;196,68;528,76;0,53;2,43;1,43;6,53;0,09;0,32
"792";"Roman Polak";"D";21;0,06;69;0;1;1;1;27,82;75,85;135,16;374,27;0,4;1,96;1,1;5,42;0,01;0,01
"793";"Ron Hainsey";"D";26;0,9;80;8;24;-7;32;36,81;100,59;176,88;485,65;0,46;2,21;1,26;6,07;-0,09;0,4
"794";"Rostislav Klesla";"D";25;1,45;34;6;12;7;18;12,23;35,55;60,47;177,45;0,36;1,78;1,05;5,22;0,21;0,53
"795";"Rostislav Olesz";"C";22;0,98;37;14;12;3;26;11,31;59,29;47,87;225,29;0,31;1,29;1,6;6,09;0,08;0,7
"796";"Ruslan Fedotenko";"LW";28;2,9;65;16;17;-9;33;24,13;120,7;99,86;463,5;0,37;1,54;1,86;7,13;-0,14;0,51
"797";"Ruslan Salei";"D";33;3,02;70;6;24;-4;30;30,22;82,93;151,17;408,68;0,43;2,16;1,18;5,84;-0,06;0,43
"798";"Ryan Bayda";"LW";27;0,2;69;3;3;-2;6;12,93;76,62;70,28;396,58;0,19;1,02;1,11;5,75;-0,03;0,09
"799";"Ryan Callahan";"RW";22;0,5;81;8;5;7;13;41,7;142,41;151,39;516,48;0,51;1,87;1,76;6,38;0,09;0,16
"800";"Ryan Carter";"C";24;0,57;48;4;4;-2;8;11,52;84,5;45,78;318,72;0,24;0,95;1,76;6,64;-0,04;0,17
"801";"Ryan Craig";"LW";25;0,85;54;1;1;-1;2;8,9;56,57;50,97;311,73;0,16;0,94;1,05;5,77;-0,02;0,04
"802";"Ryan Getzlaf";"C";22;0,74;81;24;58;32;82;44,52;127,7;193,9;547,79;0,55;2,39;1,58;6,76;0,4;1,01
"803";"Ryan Hollweg";"LW";24;0,5;24;2;2;-12;4;5,81;58,22;20,44;183,8;0,24;0,85;2,43;7,66;-0,5;0,17
"804";"Ryan Johnson";"C";31;0,8;61;5;13;-2;18;7,15;34,08;58,95;312,31;0,12;0,97;0,56;5,12;-0,03;0,3
"805";"Ryan Jones";NA;NA;NA;46;NA;NA;NA;NA;14,21;70,43;52,44;269,3;0,31;1,14;1,53;5,85;NA;NA
"806";"Ryan Kesler";"C";23;1,75;81;21;16;1;37;24,19;74,5;149,97;476,18;0,3;1,85;0,92;5,88;0,01;0,46
"807";"Ryan Malone";"LW";28;1,45;70;27;24;14;51;36,02;126,25;137,13;470,54;0,51;1,96;1,8;6,72;0,2;0,73
"808";"Ryan Miller";"G";27;2,5;59;0;1;0;1;2,4;2,34;345,15;360,45;0,04;5,85;0,04;6,11;0;0,02
"809";"Ryan O'Byrne";"D";23;0,4;37;1;6;7;7;12,01;52,33;62,49;248,56;0,32;1,69;1,41;6,72;0,19;0,19
"810";"Ryan Parent";"D";20;0,25;31;0;0;-4;0;6,43;21,22;66,82;217,66;0,21;2,16;0,68;7,02;-0,13;0
"811";"Ryan Potulny";"C";23;0,04;8;0;1;0;1;1,79;9,02;8,99;47,39;0,22;1,12;1,13;5,92;0;0,12
"812";"Ryan Shannon";"RW";24;0,19;35;5;8;-1;13;9,14;37,2;46,03;185,23;0,26;1,32;1,06;5,29;-0,03;0,37
"813";"Ryan Smyth";"LW";31;7,5;77;14;23;-4;37;46,41;140,59;166,21;507,24;0,6;2,16;1,83;6,59;-0,05;0,48
"814";"Ryan Stone";"C";22;0,14;2;0;1;-1;1;1,05;5,22;2,2;10,99;0,53;1,1;2,61;5,5;-0,5;0,5
"815";"Ryan Suter";"D";22;0,94;82;7;24;3;31;35,63;90,2;199,62;507,57;0,43;2,43;1,1;6,19;0,04;0,38
"816";"Ryan Vesce";NA;NA;NA;10;NA;NA;NA;NA;0,1;0,33;8,73;54,02;0,01;0,87;0,03;5,4;NA;NA
"817";"Ryan Whitney";"D";24;2,5;48;12;28;-2;40;17,03;44,03;112,98;287,34;0,35;2,35;0,92;5,99;-0,04;0,83
"818";"Ryane Clowe";"LW";25;0,6;71;3;5;-1;8;29,86;100,39;135,78;452,03;0,42;1,91;1,41;6,37;-0,01;0,11
"819";"Saku Koivu";"C";33;4,75;65;16;40;-4;56;21,31;74,56;125,79;450,73;0,33;1,94;1,15;6,93;-0,06;0,86
"820";"Sam Gagner";"C";18;1,62;76;13;36;-21;49;24,02;85,36;120,37;431,53;0,32;1,58;1,12;5,68;-0,28;0,64
"821";"Sami Lepisto";"D";23;0,08;7;0;1;-1;1;2,07;6,04;11,77;35,39;0,3;1,68;0,86;5,06;-0,14;0,14
"822";"Sami Salo";"D";33;3;59;8;17;8;25;19,53;62,72;102,32;395,43;0,33;1,73;1,06;6,7;0,14;0,42
"823";"Samuel Pahlsson";"C";30;1,4;65;6;9;-2;15;7,84;28,08;87,17;313,52;0,12;1,34;0,43;4,82;-0,03;0,23
"824";"Scott Clemmensen";"G";30;0,04;40;0;0;0;0;1,12;1,13;220,4;223,82;0,03;5,51;0,03;5,6;0;0
"825";"Scott Gomez";"C";28;10;77;16;54;3;70;31,05;89,62;180,49;515,42;0,4;2,34;1,16;6,69;0,04;0,91
"826";"Scott Hannan";"D";28;4,5;81;2;19;-5;21;24,57;65,52;164,57;439,47;0,3;2,03;0,81;5,43;-0,06;0,26
"827";"Scott Hartnell";"RW";25;5,09;82;24;19;2;43;42,27;138,73;166,47;554,07;0,52;2,03;1,69;6,76;0,02;0,52
"828";"Scott Lehman";NA;NA;NA;1;NA;NA;NA;NA;0;0;0,37;9,2;0;0,37;0;9,2;NA;NA
"829";"Scott Nichol";"C";33;0,71;43;10;8;12;18;13,01;77;47,36;286,1;0,3;1,1;1,79;6,65;0,28;0,42
"830";"Scott Niedermayer";"D";34;4,12;82;8;17;-2;25;34,54;77,13;205,37;462,01;0,42;2,5;0,94;5,63;-0,02;0,3
"831";"Scott Walker";"RW";34;2,47;40;14;18;-3;32;12,19;55,19;51,51;219,3;0,3;1,29;1,38;5,48;-0,08;0,8
"832";"Scottie Upshall";"LW";24;1,2;73;14;16;2;30;33,06;136,32;112,23;460,48;0,45;1,54;1,87;6,31;0,03;0,41
"833";"Sean Avery";"LW";27;1,9;41;15;18;6;33;19,18;77,33;81,35;304,61;0,47;1,98;1,89;7,43;0,15;0,8
"834";"Sean Bentivoglio";NA;NA;NA;1;NA;NA;NA;NA;-0,11;-0,59;1,8;9,71;-0,11;1,8;-0,59;9,71;NA;NA
"835";"Sean Bergenheim";"LW";23;0,5;59;10;12;-3;22;28,49;124,1;101,51;435,32;0,48;1,72;2,1;7,38;-0,05;0,37
"836";"Sean Collins";NA;NA;NA;15;NA;NA;NA;NA;4,49;19,14;24,52;100,21;0,3;1,63;1,28;6,68;NA;NA
"837";"Sean O'Donnell";"D";36;1,25;82;2;7;9;9;21,07;64,43;153,13;463,89;0,26;1,87;0,79;5,66;0,11;0,11
"838";"Semyon Varlamov";NA;NA;NA;6;NA;NA;NA;NA;0,53;0,53;32,2;34,9;0,09;5,37;0,09;5,82;NA;NA
"839";"Sergei Fedorov";"C";38;6,08;52;11;30;-5;41;14,07;48,02;88,08;319,93;0,27;1,69;0,92;6,15;-0,1;0,79
"840";"Sergei Gonchar";"D";33;5,5;25;12;53;13;65;15,57;37,81;77,36;186,49;0,62;3,09;1,51;7,46;0,52;2,6
"841";"Sergei Kostitsyn";"RW";20;0,51;56;9;18;9;27;13,68;56,84;79,17;344,54;0,24;1,41;1,01;6,15;0,16;0,48
"842";"Sergei Samsonov";"LW";29;3,52;80;14;22;-1;36;26,9;91,73;151,15;518,28;0,34;1,89;1,15;6,48;-0,01;0,45
"843";"Sergei Zubov";"D";37;4;10;4;31;6;35;2,67;6,43;24,63;63,86;0,27;2,46;0,64;6,39;0,6;3,5
"844";"Shane Doan";"RW";31;4,55;81;28;50;4;78;44,39;131,7;163,22;482,7;0,55;2,02;1,63;5,96;0,05;0,96
"845";"Shane Hnidy";"D";32;0,76;64;2;6;-2;8;16,96;62,56;103,71;389,4;0,26;1,62;0,98;6,08;-0,03;0,12
"846";"Shane O'Brien";"D";24;0,88;75;4;17;-2;21;25,51;106,52;120,78;480,69;0,34;1,61;1,42;6,41;-0,03;0,28
"847";"Shaone Morrisonn";"D";25;0,9;72;1;9;4;10;28,2;94,72;129,4;438,52;0,39;1,8;1,32;6,09;0,06;0,14
"848";"Shawn Horcoff";"C";29;3,6;80;21;29;1;50;20,35;62,58;167,16;490,17;0,25;2,09;0,78;6,13;0,01;0,62
"849";"Shawn Matthias";"C";19;0,03;16;2;0;-2;2;2,24;11,25;14,55;86,67;0,14;0,91;0,7;5,42;-0,12;0,12
"850";"Shawn Thornton";"LW";30;0,5;78;4;3;-1;7;24,03;154,67;80,35;477,81;0,31;1,03;1,98;6,13;-0,01;0,09
"851";"Shea Weber";"D";22;0,48;81;6;14;-6;20;53,14;136,1;201,19;511,36;0,66;2,48;1,68;6,31;-0,07;0,25
"852";"Shean Donovan";"RW";32;0,92;65;5;7;-3;12;9,01;73,74;49,03;369,24;0,14;0,75;1,13;5,68;-0,05;0,18
"853";"Sheldon Brookbank";"D";27;0,5;44;0;8;0;8;13,19;71,02;53,29;285,16;0,3;1,21;1,61;6,48;0;0,18
"854";"Sheldon Souray";"D";31;6,25;81;3;7;-7;10;49,38;125,86;203,08;514,73;0,61;2,51;1,55;6,35;-0,09;0,12
"855";"Sidney Crosby";"C";20;3,7;77;24;48;18;72;45,99;125,23;197,05;539,83;0,6;2,56;1,63;7,01;0,23;0,94
"856";"Simon Gagne";"LW";27;5,25;79;7;11;-8;18;30,82;98,69;162,82;553,12;0,39;2,06;1,25;7;-0,1;0,23
"857";"Spencer Machacek";NA;NA;NA;2;NA;NA;NA;NA;0,63;3,64;1,26;7,77;0,31;0,63;1,82;3,88;NA;NA
"858";"Staffan Kronwall";"D";24;0,11;3;0;0;-2;0;0,47;2,27;4,56;22,25;0,16;1,52;0,76;7,42;-0,67;0
"859";"Stephane Robidas";"D";30;1,5;72;9;17;0;26;43,85;109,16;187,92;465,8;0,61;2,61;1,52;6,47;0;0,36
"860";"Stephane Veilleux";"LW";26;0,6;81;11;7;-13;18;25,02;93,12;101,57;372,24;0,31;1,25;1,15;4,6;-0,16;0,22
"861";"Stephane Yelle";"C";33;1,25;76;3;9;-4;12;15,65;71,9;95,81;436,91;0,21;1,26;0,95;5,75;-0,05;0,16
"862";"Stephen Weiss";"C";24;1,8;78;13;29;14;42;17,22;59,45;138,52;489,02;0,22;1,78;0,76;6,27;0,18;0,54
"863";"Steve Begin";"LW";29;1,23;62;3;5;0;8;26,02;144,66;77,07;418,48;0,42;1,24;2,33;6,75;0;0,13
"864";"Steve Bernier";"RW";22;1,18;80;16;16;-1;32;23,65;107,67;109,64;479,37;0,3;1,37;1,35;5,99;-0,01;0,4
"865";"Steve Downie";"RW";20;0,45;29;6;6;2;12;8;57,49;29,74;200,35;0,28;1,03;1,98;6,91;0,07;0,41
"866";"Steve Eminger";"D";24;1;71;0;2;-4;2;27,68;79,63;152,06;421,64;0,39;2,14;1,12;5,94;-0,06;0,03
"867";"Steve MacIntyre";NA;NA;NA;22;NA;NA;NA;NA;3,11;58,92;10,58;165,1;0,14;0,48;2,68;7,5;NA;NA
"868";"Steve Mason";NA;NA;NA;61;NA;NA;NA;NA;1,63;1,65;352,33;357,26;0,03;5,78;0,03;5,86;NA;NA
"869";"Steve Montador";"D";28;0,8;77;8;15;1;23;27,61;98,31;134,65;464,62;0,36;1,75;1,28;6,03;0,01;0,3
"870";"Steve Ott";"LW";25;0,8;64;11;11;2;22;35,43;122,55;127,44;429,41;0,55;1,99;1,91;6,71;0,03;0,34
"871";"Steve Regier";"LW";23;0,02;8;0;0;-1;0;1,65;7,99;8,65;42,43;0,21;1,08;1;5,3;-0,12;0
"872";"Steve Reinprecht";"C";31;2;72;16;30;-3;46;13,34;52,35;98,59;367,89;0,19;1,37;0,73;5,11;-0,04;0,64
"873";"Steve Staios";"D";34;2,9;80;7;9;-14;16;28,94;87,25;146,73;436,53;0,36;1,83;1,09;5,46;-0,18;0,2
"874";"Steve Sullivan";NA;NA;NA;41;NA;NA;NA;NA;14,59;49,26;87,54;290,06;0,36;2,14;1,2;7,07;NA;NA
"875";"Steve Valiquette";"G";30;0,64;15;0;0;0;0;1,05;1,02;78,89;86,22;0,07;5,26;0,07;5,75;0;0
"876";"Steve Wagner";"D";23;0,37;22;2;6;-4;8;7,8;28,96;34,21;127,23;0,35;1,55;1,32;5,78;-0,18;0,36
"877";"Steven Goertzen";NA;NA;NA;16;NA;NA;NA;NA;5,35;31,75;16,56;95,71;0,33;1,03;1,98;5,98;NA;NA
"878";"Steven Stamkos";NA;NA;NA;79;NA;NA;NA;NA;25,38;96,35;130,63;498,15;0,32;1,65;1,22;6,31;NA;NA
"879";"T.J. Hensick";"C";22;0,32;61;6;5;-4;11;14,17;63,77;73,37;323,07;0,23;1,2;1,05;5,3;-0,07;0,18
"880";"T.J. Oshie";NA;NA;NA;57;NA;NA;NA;NA;21,22;78,32;86,57;312,2;0,37;1,52;1,37;5,48;NA;NA
"881";"Tanner Glass";"LW";24;0,51;3;1;1;-5;2;0,58;5,02;1,74;15,94;0,19;0,58;1,67;5,31;-1,67;0,67
"882";"Taylor Chorney";NA;NA;NA;2;NA;NA;NA;NA;0,4;1,3;2,4;8,36;0,2;1,2;0,65;4,18;NA;NA
"883";"Taylor Pyatt";"LW";26;1,57;68;16;21;9;37;21,28;82,45;95,53;379,6;0,31;1,4;1,21;5,58;0,13;0,54
"884";"Teddy Purcell";NA;NA;NA;40;NA;NA;NA;NA;7,42;32,25;56,78;249,14;0,19;1,42;0,81;6,23;NA;NA
"885";"Teemu Selanne";"RW";37;1,07;65;12;11;5;23;25,91;91,97;116,15;408,13;0,4;1,79;1,41;6,28;0,08;0,35
"886";"Teppo Numminen";"D";39;0,08;57;0;0;0;0;10,98;34,45;103,12;344,1;0,19;1,81;0,6;6,04;0;0
"887";"Theo Peckham";"D";20;0,01;15;0;0;0;0;4,43;22,52;17,89;85,6;0,3;1,19;1,5;5,71;0;0
"888";"Thomas Pock";"D";26;0,08;59;0;0;-2;0;13,24;59,93;76,52;362,29;0,22;1,3;1,02;6,14;-0,03;0
"889";"Thomas Vanek";"LW";23;10;73;36;28;-5;64;37,11;129,44;140,62;488,41;0,51;1,93;1,77;6,69;-0,07;0,88
"890";"Tim Brent";"C";23;0,01;2;0;0;-1;0;0,31;1,87;1,08;6,82;0,16;0,54;0,94;3,41;-0,5;0
"891";"Tim Conboy";"D";25;0,16;28;0;5;1;5;3,89;47,09;13,76;143,53;0,14;0,49;1,68;5,13;0,04;0,18
"892";"Tim Connolly";"C";26;3;48;7;33;4;40;23,59;76,66;95,23;309,43;0,49;1,98;1,6;6,45;0,08;0,83
"893";"Tim Gleason";"D";24;1,18;69;3;16;5;19;33,57;100,26;138,68;403,29;0,49;2,01;1,45;5,84;0,07;0,28
"894";"Tim Jackman";"RW";26;0,18;69;1;3;-3;4;28,79;151,71;88,92;453,23;0,42;1,29;2,2;6,57;-0,04;0,06
"895";"Tim Kennedy";NA;NA;NA;1;NA;NA;NA;NA;0,31;1,86;0,77;4,61;0,31;0,77;1,86;4,61;NA;NA
"896";"Tim Sestito";NA;NA;NA;1;NA;NA;NA;NA;0,72;6,52;1,12;10,2;0,72;1,12;6,52;10,2;NA;NA
"897";"Tim Stapleton";NA;NA;NA;4;NA;NA;NA;NA;1,15;4,64;4,53;18,86;0,29;1,13;1,16;4,71;NA;NA
"898";"Tim Thomas";"G";33;1;53;0;0;0;0;1,68;1,83;321,25;321,45;0,03;6,06;0,03;6,07;0;0
"899";"Tim Wallace";NA;NA;NA;16;NA;NA;NA;NA;2,47;19,55;14,92;111,36;0,15;0,93;1,22;6,96;NA;NA
"900";"TJ Galiardi";NA;NA;NA;11;NA;NA;NA;NA;2,44;9;12,77;45,46;0,22;1,16;0,82;4,13;NA;NA
"901";"Tobias Stephan";"G";23;0,04;10;0;0;0;0;0,51;0,51;38,11;51,5;0,05;3,81;0,05;5,15;0;0
"902";"Toby Enstrom";"D";23;0,9;81;5;33;-5;38;25,72;69,02;167,28;440,36;0,32;2,07;0,85;5,44;-0,06;0,47
"903";"Toby Petersen";"C";29;0,09;57;0;3;0;3;13,74;75,16;66,13;351,59;0,24;1,16;1,32;6,17;0;0,05
"904";"Todd Bertuzzi";"RW";32;4;65;14;26;8;40;31,17;100,25;135,66;431,79;0,48;2,09;1,54;6,64;0,12;0,62
"905";"Todd Fedoruk";"LW";28;0,88;72;6;7;2;13;15,78;85,91;78,48;450,98;0,22;1,09;1,19;6,26;0,03;0,18
"906";"Todd Marchant";"C";34;2,47;72;9;7;-3;16;11,8;45,64;88,35;385,56;0,16;1,23;0,63;5,36;-0,04;0,22
"907";"Todd White";"C";32;2,1;81;14;23;-12;37;22,69;76,17;145,21;495,54;0,28;1,79;0,94;6,12;-0,15;0,46
"908";"Tom Cavanagh";"C";25;0,01;17;0;1;1;1;1,77;15,55;13,16;100,44;0,1;0,77;0,91;5,91;0,06;0,06
"909";"Tom Gilbert";"D";24;0,91;82;13;20;-6;33;23,77;67,57;177,17;491,62;0,29;2,16;0,82;6;-0,07;0,4
"910";"Tom Kostopoulos";"RW";28;0,9;78;7;6;-3;13;29,62;138,52;121,18;499,37;0,38;1,55;1,78;6,4;-0,04;0,17
"911";"Tom Poti";"D";30;3,5;51;2;27;9;29;16,8;49,78;104,16;313,07;0,33;2,04;0,98;6,14;0,18;0,57
"912";"Tom Preissing";"D";29;2,75;22;8;16;-6;24;5,1;17,19;45,25;161,16;0,23;2,06;0,78;7,33;-0,27;1,09
"913";"Tom Wandell";NA;NA;NA;14;NA;NA;NA;NA;3,57;23,6;12,71;74,53;0,25;0,91;1,69;5,32;NA;NA
"914";"Tomas Fleischmann";"LW";23;0,5;73;10;20;-7;30;19,9;79,05;108,78;442,24;0,27;1,49;1,08;6,06;-0,1;0,41
"915";"Tomas Holmstrom";"RW";34;2,25;52;20;20;9;40;15,41;60,94;80,74;325,61;0,3;1,55;1,17;6,26;0,17;0,77
"916";"Tomas Kaberle";"D";29;4,25;56;8;45;-8;53;22,54;59,51;134,17;344,97;0,4;2,4;1,06;6,16;-0,14;0,95
"917";"Tomas Kopecky";"C";25;0,48;78;5;7;2;12;21,91;120,09;86,41;491,9;0,28;1,11;1,54;6,31;0,03;0,15
"918";"Tomas Mojzis";NA;NA;NA;4;NA;NA;NA;NA;0,83;3,61;4,78;27,75;0,21;1,19;0,9;6,94;NA;NA
"919";"Tomas Plekanec";"C";25;1,4;80;29;40;15;69;24,89;86,61;149,94;526,15;0,31;1,87;1,08;6,58;0,19;0,86
"920";"Tomas Plihal";"C";24;0,35;64;2;1;4;3;11,34;63,73;59,61;346,47;0,18;0,93;1;5,41;0,06;0,05
"921";"Tomas Vokoun";"G";31;5,3;59;0;6;0;6;2,25;2,45;330,09;350,79;0,04;5,59;0,04;5,95;0;0,1
"922";"Toni Lydman";"D";30;2,9;80;4;22;1;26;34,33;96,51;167,16;461,84;0,43;2,09;1,21;5,77;0,01;0,32
"923";"Travis Moen";"LW";25;0,9;80;3;5;-10;8;25,37;102,88;101,87;404,97;0,32;1,27;1,29;5,06;-0,12;0,1
"924";"Travis Zajac";"C";22;0,98;82;14;20;-11;34;19,72;70,72;145,56;486,9;0,24;1,78;0,86;5,94;-0,13;0,41
"925";"Trent Hunter";"RW";27;1,55;55;12;29;-17;41;27,89;102,43;94,69;348,91;0,51;1,72;1,86;6,34;-0,31;0,75
"926";"Trent Whitfield";NA;NA;NA;3;NA;NA;NA;NA;-0,31;-1,52;2,46;12,45;-0,1;0,82;-0,51;4,15;NA;NA
"927";"Trevor Daley";"D";24;0,8;75;5;19;-1;24;22,1;60,47;166,89;450,74;0,29;2,23;0,81;6,01;-0,01;0,32
"928";"Trevor Lewis";NA;NA;NA;6;NA;NA;NA;NA;0,62;2,8;6,99;35,19;0,1;1,17;0,47;5,87;NA;NA
"929";"Trevor Smith";NA;NA;NA;7;NA;NA;NA;NA;1,89;9,17;10,81;52,99;0,27;1,54;1,31;7,57;NA;NA
"930";"Troy Bodie";NA;NA;NA;4;NA;NA;NA;NA;0,58;3,59;2,88;21,35;0,14;0,72;0,9;5,34;NA;NA
"931";"Troy Brouwer";"RW";22;0,03;69;0;1;1;1;24,08;92,9;108,84;418,54;0,35;1,58;1,35;6,07;0,01;0,01
"932";"Tuomo Ruutu";"C";24;2,25;78;10;22;4;32;39,66;129,84;165,25;540,7;0,51;2,12;1,66;6,93;0,05;0,41
"933";"Tuukka Rask";"G";20;0,62;1;0;0;0;0;0;0;4,29;4,29;0;4,29;0;4,29;0;0
"934";"Ty Conklin";"G";31;0,33;39;0;1;0;1;2,4;2,37;212,26;220,88;0,06;5,44;0,06;5,66;0;0,03
"935";"Ty Wishart";NA;NA;NA;5;NA;NA;NA;NA;0,15;0,8;6,04;30,83;0,03;1,21;0,16;6,17;NA;NA
"936";"Tyler Arnason";"C";28;1,6;71;10;21;-1;31;18,55;80,28;99,57;417,79;0,26;1,4;1,13;5,88;-0,01;0,44
"937";"Tyler Kennedy";"RW";21;0,45;67;10;9;2;19;26,74;113,07;98,7;418,7;0,4;1,47;1,69;6,25;0,03;0,28
"938";"Tyler Sloan";NA;NA;NA;26;NA;NA;NA;NA;7,16;26,77;41,4;149,54;0,28;1,59;1,03;5,75;NA;NA
"939";"Tyson Strachan";NA;NA;NA;30;NA;NA;NA;NA;7,48;32,69;41,43;181,32;0,25;1,38;1,09;6,04;NA;NA
"940";"Valtteri Filppula";"C";23;0,85;79;19;17;16;36;14,92;54,51;115,23;430,56;0,19;1,46;0,69;5,45;0,2;0,46
"941";"Vernon Fiddler";"C";27;0,8;78;11;21;-4;32;15,72;68,44;104,57;466,37;0,2;1,34;0,88;5,98;-0,05;0,41
"942";"Vesa Toskala";"G";30;1,38;52;0;5;0;5;1,74;1,72;309,94;320,26;0,03;5,96;0,03;6,16;0;0,1
"943";"Viktor Kozlov";"C";32;2,5;67;16;38;28;54;18,89;75,39;122,46;474,02;0,28;1,83;1,13;7,07;0,42;0,81
"944";"Viktor Tikhonov";NA;NA;NA;60;NA;NA;NA;NA;11,04;56,3;64,89;314,79;0,18;1,08;0,94;5,25;NA;NA
"945";"Ville Koistinen";"D";25;0,48;38;4;13;13;17;10,32;38,15;53,4;215,28;0,27;1,41;1;5,67;0,34;0,45
"946";"Ville Leino";NA;NA;NA;13;NA;NA;NA;NA;4,65;22,43;17,48;78,58;0,36;1,34;1,73;6,04;NA;NA
"947";"Ville Peltonen";"LW";34;1;79;5;15;-2;20;25,03;96,27;112,46;432,69;0,32;1,42;1,22;5,48;-0,03;0,25
"948";"Vincent Lecavalier";"C";27;7,17;77;40;52;-17;92;49,46;143,99;188,17;549,37;0,64;2,44;1,87;7,13;-0,22;1,19
"949";"Vinny Prospal";NA;NA;NA;82;NA;NA;NA;NA;27,2;93,53;152,46;519,67;0,33;1,86;1,14;6,34;NA;NA
"950";"Vladimir Mihalik";NA;NA;NA;11;NA;NA;NA;NA;3,17;14,09;14,25;63,26;0,29;1,3;1,28;5,75;NA;NA
"951";"Vladimir Sobotka";"C";20;0,49;25;1;6;1;7;6,02;33,58;23,72;131,08;0,24;0,95;1,34;5,24;0,04;0,28
"952";"Vyacheslav Kozlov";NA;NA;NA;81;NA;NA;NA;NA;24,93;87,34;122,14;432,59;0,31;1,51;1,08;5,34;NA;NA
"953";"Wade Belak";"F";31;0,62;53;1;0;-2;1;7,58;89,33;29,4;332,67;0,14;0,55;1,69;6,28;-0,04;0,02
"954";"Wade Brookbank";"F";30;0,27;26;1;1;4;2;4,93;118,27;11,26;254,47;0,19;0,43;4,55;9,79;0,15;0,08
"955";"Wade Dubielewicz";"G";28;0,5;3;0;0;0;0;0;0;14,54;15,6;0;4,85;0;5,2;0;0
"956";"Wade Redden";"D";30;6,5;81;6;32;11;38;36,24;99,66;192,35;523,55;0,45;2,37;1,23;6,46;0,14;0,47
"957";"Warren Peters";NA;NA;NA;16;NA;NA;NA;NA;2,46;19,21;10,9;85,74;0,15;0,68;1,2;5,36;NA;NA
"958";"Wayne Primeau";"C";31;1,4;24;3;7;-3;10;3,84;22,56;27,13;156,15;0,16;1,13;0,94;6,51;-0,12;0,42
"959";"Wayne Simmonds";NA;NA;NA;82;NA;NA;NA;NA;33,11;145,33;106,13;458,06;0,4;1,29;1,77;5,59;NA;NA
"960";"Wes O'Neill";NA;NA;NA;3;NA;NA;NA;NA;0,53;2,72;2,52;13,64;0,18;0,84;0,91;4,55;NA;NA
"961";"Willie Mitchell";"D";30;3,5;81;2;10;6;12;31,2;83,64;166,16;442,34;0,39;2,05;1,03;5,46;0,07;0,15
"962";"Wojtek Wolski";"LW";21;0,86;78;18;30;10;48;21,31;72,54;137,6;448,08;0,27;1,76;0,93;5,74;0,13;0,62
"963";"Yan Stastny";"C";25;0,14;34;1;1;0;2;6,86;33,56;38,89;186,38;0,2;1,14;0,99;5,48;0;0,06
"964";"Yann Danis";NA;NA;NA;31;NA;NA;NA;NA;1;1;177,95;186,47;0,03;5,74;0,03;6,02;NA;NA
"965";"Yannick Weber";NA;NA;NA;3;NA;NA;NA;NA;1,22;5,59;8,56;35,48;0,41;2,85;1,86;11,83;NA;NA
"966";"Zack Smith";NA;NA;NA;1;NA;NA;NA;NA;0;0;-0,12;-1,08;0;-0,12;0;-1,08;NA;NA
"967";"Zack Stortini";"RW";22;0,51;52;3;9;3;12;15,2;129,43;39,91;314,54;0,29;0,77;2,49;6,05;0,06;0,23
"968";"Zach Bogosian";NA;NA;NA;47;NA;NA;NA;NA;18,94;61,96;87,49;289,52;0,4;1,86;1,32;6,16;NA;NA
"969";"Zach Boychuk";NA;NA;NA;2;NA;NA;NA;NA;0,49;2,85;2,65;15,33;0,25;1,33;1,42;7,67;NA;NA
"970";"Zach Parise";"LW";23;2;82;32;33;13;65;37,97;123,51;155,64;506,06;0,46;1,9;1,51;6,17;0,16;0,79
"971";"Zbynek Michalek";"D";25;1,2;81;4;13;9;17;27;71,92;158,11;421,42;0,33;1,95;0,89;5,2;0,11;0,21
"972";"Zdeno Chara";"D";30;7,5;79;17;34;14;51;41,94;97,18;201,72;469,67;0,53;2,55;1,23;5,95;0,18;0,65
"973";"Zenon Konopka";"C";27;0,06;7;0;0;-1;0;2,23;34,79;5,21;57,52;0,32;0,74;4,97;8,22;-0,14;0
